program,lat,lng,type_fp,type_sk,phone,address,boro,zip,loc_info,status,program_type,fp_hours,sk_hours
CHURCH OF ST. NICHOLAS OF TOLENTINE,40.862216353818,-73.905672642358,FP,,(718) 295-6800,"2345 University Ave, Bronx, New York, 10468",BX,10468, BASEMENT FORDHAM RD ENTRANCE,Open,FP,Tue 09:00 AM-11:00 AM,
BREAD OF LIFE FOOD PANTRY,40.8264247052495,-73.878539164494,FP,,(347) 235-3723,"1104 Elder Ave, Bronx, New York, 10472",BX,10472,#15,Open,FP,Sat 01:30 PM-04:30 PM,
CHANCE FOR CHILDREN,40.6656935814143,-73.9584754472405,FP,,(347) 616-3228,"11 Mc Keever Pl, Brooklyn, New York, 11225",BK,11225,1ST FLOOR (BASEMENT LEVEL),Open,FP,Fri 10:00 AM-12:30 PM,
HEALTH ESSENTIAL ASSOCIATION INC (BK),40.598606630507,-73.955282193588,FP,,(646) 515-6898,"2101 E 16th St, Brooklyn, New York, 11229",BK,11229,2ND FLOOR,Open,FP,Fri 10:00 AM-12:00 PM,
AIDS CENTER OF QUEENS COUNTY (WOODSIDE),40.744659030225,-73.902187195561,FPHA,,(718) 472-9400,"62-07 Woodside Ave, Woodside, New York, 11377",QN,11377,3RD FLOOR,Open,FP,Tue 08:00 AM-10:00 AM,
AIDS CENTER OF QUEENS COUNTY (ACQC),40.60515532763915,-73.75217845372491,FPHA,,(718) 868-8645,"16-00 Central Ave, Far Rockaway, NY, 11691, USA",QN,11691,3RD FLOOR (FAR ROCKAWAY),Open,FP,Fri 09:30 AM-10:30 AM,
AIDS CENTER OF QUEENS COUNTY (JAMAICA),40.704402048469,-73.79790575886,FPHA,,(718) 896-2500,"161-21 Jamaica Ave, Jamaica, New York, 11432",QN,11432,6TH FLOOR,Open,FP,Thu 08:30 AM-09:30 AM,
RIVERSIDE CHURCH FOOD PANTRY (FP),40.811964203982,-73.962512926181,FP,,(212) 870-6733,"91 Claremont Ave, New York, New York, 10027",NY,10027,AT 120TH STREET,Open,FP,Tue 09:00 AM-01:00 PM; Wed 09:00 AM-01:00 PM; Thu 09:00 AM-01:00 PM; Fri 09:00 AM-01:00 PM,
BETH HARK CHRISTIAN COUNSELING CENTER,40.802320111917,-73.943367988776,FP,SK,(212) 860-1523,"1832 Madison Ave, New York, New York, 10035",NY,10035,AT 120TH STREET,Open,"FP,SK",Tue 12:00 PM-02:00 PM; Thu 11:00 AM-01:00 PM,Wed 12:00 PM-02:00 PM; Thu 12:00 PM-02:00 PM
HARLEM DOWLING WEST SIDE CENTER/SPECIALIZED SERVICES,40.810031630476,-73.9472302859403,FP,,(212) 749-3656,"2139 Adam Clayton Powell Jr Blvd, New York, New York, 10027",NY,10027,AT 127TH STREET,Open,FP,Fri 12:00 PM-02:00 PM,
UPPER MANHATTAN MENTAL HEALTH CENTER (FP),40.825537145522,-73.947163063077,FP,,(646) 228-2197,"1727 Amsterdam Ave, New York, New York, 10031",NY,10031,AT 145TH ,Open,FP,Tue 11:00 AM-02:00 PM; Wed 11:00 AM-02:00 PM; Thu 11:00 AM-02:00 PM,
ST. PETER'S CHURCH BREAKFAST PROGRAM,40.7586867319228,-73.9703800966825,,SK,(212) 935-2200,"619 Lexington Ave, New York, New York, 10022",NY,10022,AT 54TH STREET,Open,SK,,Tue 07:15 AM-08:00 AM
CHRIST CHURCH UNITED METHODIST,40.763942939585,-73.9694903576604,,SK,(212) 838-3036,"524 Park Ave, New York, NY, 10065, USA",NY,10065,AT 60TH STREET,Open,SK,,Sun 04:30 PM-06:00 PM
CONVENT AVENUE BAPTIST CHURCH,40.823860597249,-73.946118007389,FP,,(646) 698-5102,"425 W 144th St, New York, New York, 10031",NY,10031,AT CONVENT AVENUE,Open,FP,Mon 09:00 AM-12:00 PM,
CATHEDRAL OF ST. JOHN THE DIVINE,40.8041168147717,-73.9625784726639,,SK,(212) 316-7640,"1047 Amsterdam Ave, New York, New York, 10025",NY,10025,AT WEST 112TH STREET,Open,SK,,Sun 10:00 AM-03:00 PM
WESTSIDE CAMPAIGN AGAINST HUNGER,40.7888001020946,-73.9772663330553,FP,,(212) 362-3662,"263 W 86th St, New York, New York, 10024",NY,10024,AT WEST END AVE,Open,FP,Tue 09:00 AM-01:00 PM; Wed 09:00 AM-01:00 PM; Thu 09:00 AM-01:00 PM; Fri 09:00 AM-01:00 PM,
MORIAH CITY COMMUNITY FOOD PANTRY,40.696176509697,-73.745540321686,FP,,(718) 276-1908,"206-14 Linden Blvd, Cambria Heights, New York, 11411",QN,11411,CAMBRIA HEIGHTS,Open,FP,Wed 03:00 PM-05:00 PM,
IGLESIA CRISTIANA EVANGELICA,40.7539893876547,-73.8715487410648,FP,,(347) 938-9368,"34-35 96th St, Corona, New York, 11368",QN,11368,CORONA,Open,FP,Sat 11:00 AM-12:00 PM,
MT. OLIVET GOSPEL CHURCH,40.7560735059698,-73.8710050908248,FP,,(718) 478-0780,"33-27 97th St, Corona, New York, 11368",QN,11368,CORONA,Open,FP,Wed 05:30 PM-06:30 PM,
FIRST BAPTIST CHURCH (SK),40.761622074415,-73.868736780187,,SK,(718) 446-0200,"100-10 Astoria Blvd, East Elmhurst, New York, 11369",QN,11369,EAST ELMHURST,Open,SK,,Wed 12:00 PM-01:45 PM
BETHANY PANTRY,40.7414233222331,-73.8730636024257,FP,,(917) 533-1679,"48-08 91st Pl, Elmhurst, New York, 11373",QN,11373,ELMHURST,Open,FP,Sat 09:00 AM-10:00 AM,
EVANGELICAL CHURCH CHRIST IS THE LIGHT,40.74113272165,-73.874885744357,FP,,(718) 592-2701,"89-16 48th Ave, Elmhurst, New York, 11373",QN,11373,ELMHURST,Open,FP,Fri 09:00 AM-11:00 AM,
FIRST PRESBYTERIAN RUSSELL SAGE MEMORIAL CHURCH OF FAR ROCKAWAY,40.610138340413,-73.744640161527,FP,,(718) 327-2440,"896 Central Ave, Far Rockaway, NY, 11691, USA",QN,11691,FAR ROCKAWAY,Open,FP,Sat 09:00 AM-10:30 AM,
CHAZAQ,40.72673558757,-73.822208248927,FP,,(718) 285-9132,"141-47 72nd Ave, Flushing, New York, 11367",QN,11367,FLUSHING,Open,FP,Tue 02:30 PM-05:00 PM,
FOOD SHARING WITH OUR NEIGHBORS PROGRAMS (FP),40.763794537989,-73.816887165334,FP,,(718) 939-8599,"38-24 149th St, Flushing, New York, 11354",QN,11354,FLUSHING,Open,FP,Thu 10:00 AM-12:00 PM,
QUEENS JEWISH COMMUNITY COUNCIL,40.7140070808651,-73.8323344261536,FPK,,(718) 544-9033,"119-45 Union Tpke, Forest Hills, New York, 11375",QN,11375,FOREST HILLS,Open,FP,Mon 11:00 AM-02:00 PM; Tue 11:00 AM-02:00 PM; Wed 11:00 AM-02:00 PM; Thu 11:00 AM-02:00 PM,
THE LEGACY CENTER COMMUNITY DEVELOPMENT CORP,40.70174687109,-73.89255311987,FP,,(718) 456-4852,"71-02 Cypress Hills St, Ridgewood, NY, 11385, USA",QN,11385,GLENDALE,Open,FP,Thu 09:00 AM-12:00 PM,
OUR LADY OF GRACE MINISTRY,40.660986681777,-73.832888889049,FP,,(718) 845-6635,"158-10 101st St, Howard Beach, New York, 11414",QN,11414,HOWARD BEACH,Open,FP,Tue 10:30 AM-12:00 PM,
GETHSEMANE SEVENTH DAY ADVENTIST CHURCH,40.664109946538,-73.950237293705,FP,,(718) 467-4181,"357 Empire Blvd, Brooklyn, New York, 11225",BK,11225,,Open,FP,Wed 05:00 PM-06:00 PM; Sun 12:00 PM-01:00 PM,
GLOVER MEMORIAL BREAD OF LIFE FOOD PANTRY (FP),40.674917488673,-73.917033976837,FP,,(929) 453-9611,"2134 Dean St, Brooklyn, New York, 11233",BK,11233,,Open,FP,Thu 09:00 AM-11:30 AM,
GOD'S BATTALION OF PRAYER CHURCH,40.653831679678,-73.933806165091,FP,,(718) 774-5447,"661 Linden Blvd, Brooklyn, New York, 11203",BK,11203,,Open,FP,Tue 09:00 AM-12:00 PM; Thu 09:00 AM-12:00 PM,
"GOD'S DELIVERANCE TEMPLE, INC",40.674182856769,-73.922234277205,FP,,(347) 234-3828,"438 Ralph Ave, Brooklyn, New York, 11233",BK,11233,,Open,FP,Tue 11:00 AM-12:00 PM,
GRANT HOUSE UNITY CORPORATION,40.6198947367351,-73.9341653296417,FP,,(631) 652-3700,"2046 Flatbush Ave, Brooklyn, New York, 11234",BK,11234,,Open,FP,Wed 11:00 AM-04:00 PM; Thu 11:00 AM-04:00 PM,
GREENPOINT REFORMED CHURCH FOOD PANTRY (FP),40.729274549861,-73.954981283264,FP,,(718) 383-5941,"136 Milton St, Brooklyn, New York, 11222",BK,11222,,Open,FP,Thu 04:00 PM-07:00 PM,
HANSON PLACE SEVENTH DAY ADVENTIST CHURCH (FP),40.685432837664,-73.974032259534,FP,,(718) 230-0229,"88 Hanson Pl, Brooklyn, NY, 11217, USA",BK,11217,,Open,FP,Thu 01:30 PM-05:00 PM,
HEALTH ESSENTIAL ASSOCIATION CPMM,40.5998786262236,-73.9907439304473,FP,,(646) 515-6898,"2336 86th St, Brooklyn, New York, 11214",BK,11214,,Open,FP,Thu 10:00 AM-12:00 PM,
HOLY CROSS FOOD PANTRY - BROOKLYN,40.650442624768,-73.953526184873,FP,,(718) 469-5900,"2530 Church Ave, Brooklyn, New York, 11226",BK,11226,,Open,FP,Tue 02:00 PM-03:30 PM; Thu 02:00 PM-03:30 PM,
HOPE CENTER DEVELOPMENT CORPORATION,40.6570453432654,-73.9186232694977,FP,,(718) 385-1043,"414 E 95th St, Brooklyn, New York, 11212",BK,11212,,Open,FP,Sat 11:00 AM-01:30 PM,
HOREB SEVENTH DAY ADVENTIST COMMUNITY SERVICES,40.66105688021568,-73.94282819421163,FP,,(718) 778-7373,"520 Kingston Ave, Brooklyn, New York, 11225",BK,11225,,Open,FP,Tue 10:00 AM-11:00 AM,
ICNA RELIEF USA FOOD PANTRY,40.581346950764,-73.963456896117,FP,,(718) 658-2028,"273 Neptune Ave, Brooklyn, NY, 11235, USA",BK,11235,,Open,FP,Mon 12:00 PM-01:00 PM,
IMMANUEL FIRST SPANISH UNITED METHODIST CHURCH,40.6822239517617,-73.9771723719207,FP,,(718) 624-3300,"424 Dean St, Brooklyn, New York, 11217",BK,11217,,Open,FP,Tue 01:00 PM-02:45 PM,
INTERNATIONAL PENTECOSTAL CITY MISSION,40.6538787021553,-73.9180204430213,FP,,(718) 342-9005,"9202 Church Ave, Brooklyn, New York, 11236",BK,11236,,Open,FP,Sat 11:00 AM-01:00 PM,
LADIES IN WAITING,40.6583750902947,-73.9536245045967,FP,,(718) 469-8816,"276 Fenimore St, Brooklyn, New York, 11225",BK,11225,,Open,FP,Tue 10:00 AM-01:00 PM,
LAS MARAVILLAS DEL EXODO,40.67585638755739,-73.88405194221254,FP,,(347) 691-8340,"302 Elton St, Brooklyn, New York, 11208",BK,11208,,Open,FP,Wed 09:00 AM-11:00 AM,
LIFEBRIDGENY/BKPANTRY,40.6235013858525,-73.9375453320972,FP,,(718) 233-5004,"1895 Flatbush Ave, Brooklyn, New York, 11210",BK,11210,,Open,FP,Tue 10:00 AM-06:00 PM; Wed 10:00 AM-06:00 PM; Thu 10:00 AM-06:00 PM; Fri 10:00 AM-06:00 PM,
LITTLE JERUSALEM HOUSE OF PRAYER,40.658941581221,-73.91270614877,FP,,(917) 992-5975,"447 Herzl St, Brooklyn, New York, 11212",BK,11212,,Open,FP,Sat 01:00 PM-01:00 PM,
MAKE THE ROAD NEW YORK              (BK),40.6984242008526,-73.91579739466114,FP,,(718) 418-7690,"301 Grove St, Brooklyn, NY, 11237, USA",BK,11237,,Open,FP,Fri 08:00 AM-11:00 AM,
MAMRE ENRICHMENT PROGRAM (FP),40.632633175995,-73.928144440953,FP,,(646) 617-8775,"1623 Utica Ave, Brooklyn, New York, 11234",BK,11234,,Open,FP,Sun 10:00 AM-12:00 PM,
MOUNT CARMEL WORSHIP AND OUTREACH CENTER (FP),40.642163441815,-73.933387908122,FP,,(917) 982-7987,"784 E 46th St, Brooklyn, New York, 11203",BK,11203,,Open,FP,Mon 12:00 PM-02:00 PM,
MOVEMENT OF PENTECOSTAL CHRISTIAN CHURCH,40.620561271594,-74.038228767017,FP,,(347) 219-0947,"90 92nd St, Brooklyn, New York, 11209",BK,11209,,Open,FP,Sun 12:30 PM-02:00 PM,
MT. HEBRON CHURCH OF CHRIST (FP),40.671011312246,-73.884983004017,FP,,(347) 454-4915,"905 Sutter Ave, Brooklyn, NY, 11207, USA",BK,11207,,Open,FP,Thu 11:30 AM-01:00 PM,
MUNA SOCIAL SERVICE INC (FPH),40.676876507083,-73.871840598933,FP,,(347) 400-2644,"1033 Glenmore Ave, Brooklyn, New York, 11208",BK,11208,,Open,FP,Wed 03:00 PM-05:00 PM,
NEW LIFE SEVENTH DAY ADVENTIST CHURCH,40.65869268060601,-73.91063858471375,FP,,(718) 385-0463,"885 Thomas S Boyland St, Brooklyn, New York, 11212",BK,11212,,Open,FP,Mon 05:00 PM-07:00 PM; Tue 06:00 PM-08:00 PM; Sun 08:00 AM-10:00 AM,
NEWMAN MEMORIAL UNITED METHODIST CHURCH COMMUNITY DEVELOPMENT CORPORATION,40.68219650102881,-73.94101862513507,FP,,(718) 622-7955,"257 Macon St, Brooklyn, New York, 11216",BK,11216,,Open,FP,Sat 10:00 AM-02:00 PM,
NORTHEAST BROOKLYN HOUSING DEVELOPMENT CORPORATION (83344),40.691356747733,-73.942750913064,FP,,(718) 453-9490,"376 Throop Ave, Brooklyn, New York, 11221",BK,11221,,Open,FP,Tue 09:00 AM-12:00 PM; Thu 09:00 AM-12:00 PM; Sat 10:00 AM-12:00 PM,
OPEN DOOR FAMILY LIFE CENTER INC,40.691297110492,-73.9270092798057,FP,,(718) 455-3545,"999 Greene Ave, Brooklyn, New York, 11221",BK,11221,,Open,FP,Sat 08:30 AM-10:30 AM,
OPEN DOOR TO HEAVEN OUTREACH MINISTRY INC,40.672654458635,-73.880570183452,FP,,(347) 822-0714,"474 Shepherd Ave, Brooklyn, New York, 11208",BK,11208,,Open,FP,Sat 01:00 PM-02:00 PM,
OUR LADY OF ANGELS HUMAN SERVICES,40.6324515820632,-74.026148167451,FP,,(718) 726-9790,"336 73rd St, Brooklyn, New York, 11209",BK,11209,,Open,FP,"Wed 09:30 AM-12:00 PM, 01:30 PM-03:00 PM",
OUR LADY OF MERCY CHURCH (FP),40.662055248703,-73.905076689043,FP,,(347) 957-2450,"680 Mother Gaston Blvd, Brooklyn, New York, 11212",BK,11212,,Open,FP,Fri 09:30 AM-11:30 AM,
OUR LADY OF MIRACLES-CANARSIE CLUSTER CENTER,40.6388220799336,-73.9092268207619,FP,,(718) 257-2400,"757 E 86th St, Brooklyn, New York, 11236",BK,11236,,Open,FP,Sat 10:00 AM-11:30 AM,
OUR LADY OF REFUGE R.C. CHURCH (FP),40.63650066994,-73.957710682395,FP,,(718) 434-2090,"2020 Foster Ave, Brooklyn, New York, 11210",BK,11210,,Open,FP,Wed 10:00 AM-01:00 PM,
PAYO FOOD PANTRY,40.6321952634641,-73.9665352338769,FP,,(718) 713-2000,"1045 Coney Island Ave, Brooklyn, New York, 11230",BK,11230,,Open,FP,Thu 03:00 PM-05:00 PM,
BAY RIDGE COMMMUNITY DEVELOPMENT CENTER (BRCDC) ,40.612839688832,-74.031330949641,FP,,(347) 560-6700,9818 FORT HAMILTON PARKWAY,BK,11209,,Open,FP,Sat 11:00 AM-02:00 PM,
BAY VIEW HOUSES RESIDENT ASSOCIATION,40.632865564261,-73.886955349653,FP,,(347) 307-0030,"2085 Rockaway Pkwy, Brooklyn, New York, 11236",BK,11236,,Open,FP,Thu 09:30 AM-12:30 PM,
BEDFORD CENTRAL PRESBYTERIAN CHURCH,40.676728943678,-73.949583589076,FP,,(718) 467-0740,"1200 Dean St, Brooklyn, New York, 11216",BK,11216,,Open,FP,Thu 10:30 AM-02:30 PM,
BETHANIE FRENCH SEVENTH-DAY ADVENTIST CHURCH,40.654484001293,-73.956077049466,FP,,(929) 340-4778,"2059 Bedford Ave, Brooklyn, New York, 11226",BK,11226,,Open,FP,Thu 10:00 AM-12:00 PM,
BETHLEM NATION'S FOOD PANTRY,40.658848374458,-73.889329607547,FP,,(718) 257-8300,"1962 Linden Blvd, Brooklyn, New York, 11207",BK,11207,,Open,FP,Sat 10:00 AM-12:00 PM,
BEULAH CHURCH OF GOD IN CHRIST JESUS,40.680625564736,-73.946439369557,FP,,(718) 636-8500,"956 Marcy Ave, Brooklyn, New York, 11216",BK,11216,,Open,FP,Tue 10:30 AM-01:00 PM; Thu 10:30 AM-01:00 PM,
BLESSED ASSURANCE CHURCH OF GOD BLESSED ASSURANCE CHARITY INC,40.678342962953,-73.909298905129,FP,,(917) 889-4654,"2093 Fulton St, Brooklyn, New York, 11233",BK,11233,,Open,FP,Sat 09:00 AM-11:00 AM,
BLESSED SACRAMENT CHURCH (BKLYN),40.683681103719,-73.874456088,FP,,(718) 827-1200,"198 Euclid Ave, Brooklyn, NY, 11208, USA",BK,11208,,Open,FP,Wed 09:30 AM-11:30 AM,
BROOKLYN MEAL SHARE (FP),40.633708741811,-73.964178494161,FP,,,"1323 Foster Ave, Brooklyn, New York, 11230",BK,11230,,Open,FP,Sat 05:00 PM-07:00 PM,
BROOKLYN RESCUE MISSION URBAN HARVEST CENTER INC (FP),40.682228771356,-73.925767333212,FP,,(917) 426-3001,"426 Decatur St, Brooklyn, NY, 11233, USA",BK,11233,,Open,FP,Tue 10:00 AM-11:30 AM; Wed 10:00 AM-11:30 AM,
BROWNSVILLE TEMPLE SEVENTH DAY ADVENTIST CHURCH,40.659960694918,-73.922167305798,FP,,(929) 944-2520,"1089 Clarkson Ave, Brooklyn, New York, 11212",BK,11212,,Open,FP,Sun 11:00 AM-01:00 PM,
CALVARY PENTECOSTAL CHURCH,40.6544636751779,-73.9610806265665,FP,,(718) 469-8252,"151 Woodruff Ave, Brooklyn, New York, 11226",BK,11226,,Open,FP,Thu 10:00 AM-12:00 PM,
CAMP FRIENDSHIP FOOD PANTRY IN PARK SLOPE,40.66898025137792,-73.98385232965641,FP,,(718) 965-3695,"339 8th St, Brooklyn, NY, 11215, USA",BK,11215,,Open,FP,Sat 09:00 AM-12:00 PM,
CATHOLIC CHARITIES,40.5772771595871,-73.9850475052302,FP,,(718) 722-6001,"2866 W 17th St, Brooklyn, New York, 11224",BK,11224,,Open,FP,Mon 09:30 AM-01:30 PM,
CCC NEW YORK PARISH FOOD PANTRY OUTREACH PROGRAM,40.6946499136717,-73.909821097697,FP,,(718) 366-8065,"1380 Jefferson Ave, Brooklyn, New York, 11237",BK,11237,,Open,FP,Sat 10:00 AM-02:00 PM,
CENTER FOR FAMILY LIFE,40.651994408412,-74.004865760917,FP,,(929) 480-7175,"443 39th St, Brooklyn, New York, 11232",BK,11232,,Open,FP,Tue 01:00 PM-04:00 PM; Wed 01:00 PM-04:00 PM; Thu 01:00 PM-04:00 PM,
CHILD DEVELOPMENT SUPPORT CORPORATION,40.6882681840511,-73.9600250934996,FP,,(718) 398-2050,"358 Classon Ave, Brooklyn, New York, 11238",BK,11238,,Open,FP,Thu 11:00 AM-03:00 PM,
CHILDREN OF THE LIGHT INTERNATIONAL MINISTRIES INC,40.642246296928,-73.901805567509,FP,,(347) 794-4130,"1171 E 95th St, Brooklyn, New York, 11236",BK,11236,,Open,FP,Mon 10:00 AM-03:00 PM; Wed 10:00 AM-03:00 PM; Fri 10:00 AM-03:00 PM; Sat 10:00 AM-03:00 PM,
CHRIST APOSTOLIC CHURCH GOKE FOOD PANTRY,40.63849518571,-73.972156808699,FP,,(347) 337-4167,"622 Cortelyou Rd, Brooklyn, New York, 11218",BK,11218,,Open,FP,Tue 02:00 PM-04:00 PM; Sat 09:00 AM-01:00 PM,
CHRISTIAN CULTURAL CENTER,40.651153493976,-73.888606752217,FP,,(718) 306-1021,"12020 Flatlands Ave, Brooklyn, New York, 11207",BK,11207,,Open,FP,Wed 09:30 AM-12:00 PM; Thu 09:30 AM-12:00 PM,
"CHURCH AVENUE MERCHANTS BLOCK ASSOC., INC/CAMBA FOOD PANTRY",40.64868246701,-73.957287228646,FP,,(718) 282-3082,"21 Snyder Ave, Brooklyn, New York, 11226",BK,11226,,Open,FP,Tue 10:00 AM-01:00 PM; Thu 10:00 AM-01:00 PM,
CHURCH OF GOD (BK),40.651667178912,-73.918430653363,FP,,(718) 346-4897,"627 Remsen Ave, Brooklyn, New York, 11236",BK,11236,,Open,FP,Sat 12:00 PM-02:30 PM,
CHURCH OF GOD FEEDING THE HUNGRY,40.672411090076,-73.961116752569,FP,,(718) 230-5955,"836 Classon Ave, Brooklyn, New York, 11238",BK,11238,,Open,FP,Thu 10:00 AM-12:00 PM,
CHURCH OF GOD INC.,40.6602317656671,-73.9260760387062,FP,,(718) 493-3031,"1011 Winthrop St, Brooklyn, New York, 11212",BK,11212,,Open,FP,Sat 12:00 PM-01:00 PM,
CHURCH OF GOD OF SALVATION,40.646673031452,-73.948961735679,FP,,(718) 693-6486,"1615 Nostrand Ave, Brooklyn, New York, 11226",BK,11226,,Open,FP,Wed 02:00 PM-04:00 PM; Thu 10:00 AM-04:00 PM,
CHURCH OF PRAISE AND WORSHIP GOD IN CHRIST,40.671422486506,-73.922488081233,FP,,(347) 462-5679,"526 Ralph Ave, Brooklyn, New York, 11233",BK,11233,,Open,FP,Sat 10:00 AM-01:00 PM,
COMMUNITY CARE FOOD PANTRY,40.622198419004,-73.93909816348,FP,,(917) 304-3406,"1387 E 37th St, Brooklyn, New York, 11210",BK,11210,,Open,FP,Sat 11:00 AM-02:30 PM,
COMMUNITY SERVICES HOUSING DEVELOPMENT CORP.,40.6690178861232,-73.9198218816518,FP,,(646) 794-5961,"547 Howard Ave, Brooklyn, New York, 11233",BK,11233,,Open,FP,Thu 10:00 AM-12:00 PM,
COMPASSION HOUSE COMMUNITY DEVELOPMENT CORPORATION,40.701437956049,-73.931591582453,FP,,(718) 386-8151,"43 George St, Brooklyn, NY, 11206, USA",BK,11206,,Open,FP,Thu 09:00 AM-11:30 AM,
COPO FOOD PANTRY  (FPH),40.631334567737,-73.966304312444,FP,,(718) 434-3266,"1077 Coney Island Ave, Brooklyn, New York, 11230",BK,11230,,Open,FP,Fri 10:30 AM-04:30 PM,
EAST NEW YORK SEVENTH DAY ADVENTIST CHURCH,40.670394865177,-73.88242811611,FP,,(917) 470-8924,"511 Elton St, Brooklyn, New York, 11208",BK,11208,,Open,FP,Thu 11:00 AM-02:00 PM,
EAST NEW YORK WESLEYAN CHURCH/NEW HOPE FAMILY WORSHIP CENTER,40.665996335757,-73.88651764667,FP,,(718) 342-1305,"817 Livonia Ave, Brooklyn, New York, 11207",BK,11207,,Open,FP,Sat 11:00 AM-01:00 PM,
"BEYOND WALLS, INC",40.655301530219,-73.928005720455,FP,,(347) 406-5878,"188 E 53rd St, Brooklyn, New York, 11203",BK,11203,,Open,FP,Tue 01:30 PM-03:00 PM,
EMMAUS SEVENTH DAY ADVENTIST CHURCH (FP),40.64246519033,-73.957698025721,FP,,(704) 502-1450,"1144 Flatbush Ave, Brooklyn, New York, 11226",BK,11226,,Open,FP,Tue 12:30 PM-02:00 PM,
PENIEL HAITIAN CHURCH OF C AND MA,40.6481952269786,-73.9506515273595,FP,,(718) 469-3685,"2741 Albemarle Rd, Brooklyn, New York, 11226",BK,11226,,Open,FP,"Sat 10:00 AM-12:00 PM, 01:00 PM-03:00 PM",
FAMILY LIFE DEVELOPMENT CENTER,40.672925487474,-73.95442757474,FP,,(718) 636-4938,"1476 Bedford Ave, Brooklyn, New York, 11216",BK,11216,,Open,FP,Mon 04:00 PM-06:00 PM,
FEEDING THE VULNERABLE-FORT GREENE,40.698121404600386,-73.97119557204246,FP,,(419) 619-3292,"141 Flushing Ave, Brooklyn, New York, 11205",BK,11205,,Open,FP,Sat 09:00 AM-01:00 PM,
FERNANDE VALME' MINISTRIES INC,40.643158667089,-73.9579009515969,FP,,(718) 284-1809,"1120 Flatbush Ave, Brooklyn, New York, 11226",BK,11226,,Open,FP,Thu 10:00 AM-11:00 AM,
FLATBUSH SEVENTH DAY ADVENTIST CHURCH (FP),40.648057177033,-73.959354876522,FP,,(718) 693-9180,"261 E 21st St, Brooklyn, NY, 11226, USA",BK,11226,,Open,FP,Mon 11:00 AM-01:00 PM,
"FOOD FIRST, INC",40.678224107566,-74.013866164728,FP,,(718) 399-7395,"165 Conover St, Brooklyn, New York, 11231",BK,11231,,Open,FP,Wed 10:00 AM-12:00 PM; Fri 10:00 AM-12:00 PM,
PENIEL SEVENTH DAY ADVENTIST CHURCH,40.64305347420418,-73.92975686766661,FP,,(518) 652-3246,"1210 Utica Ave, Brooklyn, New York, 11203",BK,11203,,Open,FP,Fri 10:00 AM-12:00 PM,
PRESBYTERIAN CHURCH OF THE CROSSROADS,40.680539901685,-73.884692906348,FP,,(718) 657-8404,"133 Elton St, Brooklyn, New York, 11208",BK,11208,,Open,FP,Wed 10:00 AM-12:00 PM,
"POWER PRAISE AND DELIVERANCE, INC",40.8596232444326,-73.9004342881499,FP,,(347) 409-0288,"120 E 184th St, Bronx, New York, 10468",BX,10468,,Open,FP,Fri 12:00 PM-04:00 PM,
REACHING-OUT COMMUNITY SERVICES INC,40.6139845310776,-74.000636587851,FP,,(718) 373-4565,"7708 New Utrecht Ave, Brooklyn, New York, 11214",BK,11214,,Open,FP,Mon 09:00 AM-05:00 PM; Tue 09:00 AM-05:00 AM; Wed 09:00 AM-05:00 AM; Thu 09:00 AM-05:00 AM; Fri 09:00 AM-05:00 AM,
RESURRECTION AND LIFE PENTECOSTAL CHURCH (FP),40.821526321034,-73.899285799777,FP,,(929) 472-4201,"870 E 163rd St, Bronx, New York, 10459",BX,10459,,Open,FP,Tue 12:00 PM-02:00 PM; Sat 10:00 AM-12:00 PM,
SPANISH SEVENTH DAY ADVENTIST CHURCH FOOD PANTRY,40.82473575176,-73.899309017649,FP,,(845) 729-8804,"1038 Prospect Ave, Bronx, New York, 10459",BX,10459,,Open,FP,Thu 10:00 AM-01:00 PM,
SPANISH SOUNDVIEW SEVENTH DAY ADVENTIST CHURCH,40.81490784455784,-73.86122952860838,FP,,(718) 842-7373,"1822 Lacombe Ave, Bronx, New York, 10473",BX,10473,,Open,FP,Wed 08:00 AM-12:30 PM,
ST. BRENDAN & ST. ANN PARISH,40.8754643289724,-73.8775260438572,FP,,(718) 547-6655,"268 E 207th St, Bronx, New York, 10467",BX,10467,,Open,FP,Sat 07:30 AM-09:00 AM,
ST. EDMUNDS YOUTH PROGRAM INC,40.8499230355257,-73.9080897317771,FP,,(718) 466-9370,"1905 Morris Ave, Bronx, New York, 10453",BX,10453,,Open,FP,Thu 12:00 PM-02:00 PM,
ST. JEROME H.A.N.D.S. COMMUNITY CENTER,40.809893540861616,-73.92489843908047,FP,,(718) 402-7866,"330 E 138th St, Bronx, New York, 10454",BX,10454,,Open,FP,Wed 10:00 AM-01:00 PM,
ST. LUKES FOOD PANTRY,40.80619456284,-73.915570245085,FP,,(718) 665-6677,"623 E 138th St, Bronx, New York, 10454",BX,10454,,Open,FP,Fri 10:00 AM-01:00 PM,
ST. PAUL'S LUTHERAN CHURCH,40.834569484384,-73.862510367233,FP,,(718) 822-4535,"1891 Mcgraw Ave, Bronx, New York, 10462",BX,10462,,Open,FP,Fri 08:00 AM-10:00 AM,
THE GAMBIAN YOUTH ORGANIZATION FOOD PANTRY (FP),40.854303962949,-73.90081348545,FP,,(646) 470-6330,"214 E 181st St, Bronx, New York, 10457",BX,10457,,Open,FP,Sun 02:00 PM-05:00 PM,
THESSALONIA BAPTIST CHURCH,40.822275830816,-73.899037024891,FP,,(718) 542-0828,"951 Rev James A Polite Ave, Bronx, New York, 10459",BX,10459,,Open,FP,Tue 10:00 AM-11:30 AM,
THORPE FAMILY RESIDENCE,40.85642973932272,-73.89467860287739,FP,,(718) 295-2550,"406 E 184th St, Bronx, New York, 10458",BX,10458,,Open,FP,Wed 07:30 AM-09:30 AM,
UNION GROVE BAPTIST CHURCH,40.83294746039107,-73.88914688205773,FP,,(347) 590-3881,"1488 Hoe Ave, Bronx, New York, 10460",BX,10460,,Open,FP,Wed 09:00 AM-11:00 AM,
VINEYARD INTERNATIONAL CHRISTIAN MINISTRIES,40.83074440287,-73.9123762370611,FP,,(718) 538-9211,"1140 Teller Ave, Bronx, New York, 10456",BX,10456,,Open,FP,Sat 10:00 AM-12:00 PM,
"WAY OUT CHURCH MINISTRIES, INC (FP)",40.813939231827,-73.914690899623,FP,,(718) 665-8069,"520 E 148th St, Bronx, New York, 10455",BX,10455,,Open,FP,Wed 09:00 AM-10:30 AM; Fri 09:00 AM-10:30 AM,
WHEDCO - FOOD PANTRY,40.83648818584,-73.9190378384288,FP,,(718) 839-1100,"50 E 168th St, Bronx, New York, 10452",BX,10452,,Open,FP,Wed 09:30 AM-10:30 AM,
WORD OF LIFE CHRISTIAN FELLOWSHIP,40.819614115553,-73.903033851601,FP,,(718) 861-5678,830 UNION AVENUE,BX,10459,,Open,FP,Sat 11:00 AM-03:00 PM,
AFRICAN SERVICES COMMITTEE (FP),40.813386906317,-73.954489768462,FP,,"(212) 222-3882,107","429 W 127th St, New York, New York, 10027",NY,10027,,Open,FP,Mon 10:00 AM-04:00 PM; Tue 10:00 AM-04:00 PM; Wed 10:00 AM-04:00 PM; Thu 10:00 AM-04:00 PM,
ANTIOCH OUTREACH MINISTRIES,40.80651835576,-73.9442471666002,FP,,(212) 534-5715,"41 W 124th St, New York, New York, 10027",NY,10027,,Open,FP,Sat 07:30 AM-11:00 AM,
"ASCENSION OUTREACH, INC",40.734195062301,-73.995719092896,FP,,(347) 254-8620,"12 W 11th St, New York, NY, 10011, USA",NY,10011,,Open,FP,Sat 08:30 AM-09:00 AM,
BETHEL AME CHURCH,40.81158417868946,-73.94092573952658,FP,,(212) 862-0100,"54-60 W 132nd St, New York, New York, 100373",NY,10037,,Open,FP,Thu 09:30 AM-11:30 AM,
CABRINI IMMIGRANT SERVICES OF NEW YORK CITY INC,40.869597960668,-73.920903901533,FP,,(212) 791-4590,"630 Isham St, New York, New York, 10034",NY,10034,,Open,FP,Sat 07:00 AM-10:00 AM,
CATHOLIC CHARITIES WASHINGTON HEIGHTS FOOD PANTRY (FP),40.850749700726,-73.935055236302,FP,,(212) 862-6401,"665 W 182nd St, New York, New York, 10033",NY,10033,,Open,FP,Thu 10:00 AM-12:00 PM,
CCCS - KENNEDY CENTER FOOD PANTRY,40.8127169407963,-73.939904586384,FP,,(212) 862-6401,"34 W 134th St, New York, New York, 10037",NY,10037,,Open,FP,Wed 10:00 AM-01:00 PM,
COMMUNITY IMPACT (FP),40.807022569146,-73.96583978737,FP,,(919) 259-8315,"616 W 114th St, New York, New York, 10025",NY,10025,,Open,FP,Mon 11:00 AM-02:00 PM; Wed 11:00 AM-02:00 PM; Thu 11:00 AM-02:00 PM,
COMMUNITY LEAGUE OF THE HEIGHTS (FP),40.834302814135,-73.941841895665,FP,,(212) 795-4779,"508 W 159th St, New York, NY, 10032, USA",NY,10032,,Open,FP,Wed 09:00 AM-01:00 PM; Sat 09:00 AM-01:00 PM,
DEWITT REFORMED CHURCH,40.717523414976,-73.979588958425,FP,,(212) 674-3341,"280 Rivington St, New York, New York, 10002",NY,10002,,Open,FP,Sat 10:00 AM-12:00 PM,
FAMILY INTEGRATION MINISTRY FOOD PANTRY,40.830016979403,-73.943894456115,FP,,(347) 459-4445,"1875 Amsterdam Ave, New York, New York, 10031",NY,10031,,Open,FP,Sat 08:00 AM-10:30 AM,
FATHER CREAVIN'S FOOD PANTRY,40.8259344477327,-73.9377593220853,FP,,(212) 281-2100,"276 W 151st St, New York, New York, 10039",NY,10039,,Open,FP,Tue 09:00 AM-11:00 AM,
FRIENDLY HANDS MINISTRY INC,40.804776512461,-73.937951016211,FP,,(646) 370-3978,"115 E 125th St, New York, NY, 10035, USA",NY,10035,,Open,FP,Wed 10:00 AM-12:00 PM; Thu 10:00 AM-12:00 PM,
SALT & SEA MISSION CHURCH INC.,40.588551112725,-73.983510348007,FP,,(917) 873-9261,"2417 Stillwell Ave, Brooklyn, New York, 11223",BK,11223,,Open,FP,Tue 10:30 AM-12:45 PM; Thu 10:30 AM-12:45 PM; Sun 10:30 AM-10:45 PM,
"SANCTIFIED CHURCH OF GOD, INC/COMMUNITY FEEDING PROGRAM",40.6623559494793,-73.9480946277958,FP,,(718) 493-2385,"404 Lefferts Ave, Brooklyn, New York, 11225",BK,11225,,Open,FP,Sat 12:00 PM-01:00 PM,
"SECOND ST. PAUL CHURCH OF CHRIST, DISCIPLE OF CHRIST, INC",40.6715179144738,-73.8800018904172,FP,,(718) 235-8922,"1048 Sutter Ave, Brooklyn, New York, 11208",BK,11208,,Open,FP,Sat 08:00 AM-10:00 AM,
SILOAM PRESBYTERIAN CHURCH FOOD PANTRY,40.68347889030514,-73.94730614216407,FP,,(718) 789-7050,"260 Jefferson Ave, Brooklyn, NY, 11216, USA",BK,11216,,Open,FP,Wed 10:00 AM-12:00 PM,
SISTERS WITH PURPOSE INC,40.6474756825005,-73.8775423047494,FP,,(646) 460-4101,"1540 Van Siclen Ave, Brooklyn, New York, 11239",BK,11239,,Open,FP,Sat 09:00 AM-10:00 AM,
SOLID ROCK BAPTIST CHURCH,40.69514955892,-73.9464071830485,FP,,(718) 384-8764,"120 Tompkins Ave, Brooklyn, New York, 11206",BK,11206,,Open,FP,Mon 09:00 AM-12:00 PM; Thu 09:00 AM-12:00 PM,
SOUTH BKLYN SEVENTH DAY ADVENTIST CHURCH COMMUNITY SERVICE PROGRAM,40.67969697559238,-73.97655579912316,FP,,(718) 783-1662,"42 Prospect Pl, Brooklyn, New York, 11217",BK,11217,,Open,FP,Sun 11:00 AM-02:00 PM,
"SOUTHSIDE UNITED H.D.F.C., INC - LOS SURES",40.712454668578,-73.9615405415937,FP,,(718) 599-1940,"145 S 3rd St, Brooklyn, New York, 11211",BK,11211,,Open,FP,Tue 09:00 AM-12:00 PM,
ST. MARK'S UNITED METHODIST CHURCH (FP),40.645083948339,-73.959485801849,FP,,(718) 282-6304,"2017 Beverley Rd, Brooklyn, New York, 11226",BK,11226,,Open,FP,Thu 12:00 PM-03:00 PM,
ST. PAUL PENTECOSTAL CHURCH,40.6803676954845,-73.9138246299298,FP,,(917) 604-9644,"133 Thomas S Boyland St, Brooklyn, New York, 11233",BK,11233,,Open,FP,Sat 11:00 AM-01:00 PM,
ST. PHILIP'S CHRISTIAN CHURCH,40.6910985012963,-73.9421528642728,FP,,(718) 453-0691,"765 Lafayette Ave, Brooklyn, New York, 11221",BK,11221,,Open,FP,Thu 12:00 PM-02:00 PM,
ST. THERESE OF LISIEUX R.C. CHURCH,40.641689612829,-73.9344359812953,FP,,(718) 451-0683,"4410 Avenue D, Brooklyn, New York, 11203",BK,11203,,Open,FP,Tue 10:30 AM-12:30 PM,
THE CHURCH OF ST. MARK (FP),40.668743462613,-73.944656287294,FP,,(718) 756-6607,"1417 Union St, Brooklyn, NY, 11213, USA",BK,11213,,Open,FP,Fri 11:30 AM-01:30 PM,
THE CITY OF GRACE INC,40.646948335062,-73.945096169573,FP,,(718) 693-7074,"3402 Tilden Ave, Brooklyn, NY, 11203, USA",BK,11203,,Open,FP,Tue 11:00 AM-01:00 PM,
THE SALVATION ARMY BEDFORD TEMPLE CORPS,40.690101893009,-73.950436699181,FP,,(718) 622-0614,"601 Lafayette Ave, Brooklyn, New York, 11216",BK,11216,,Open,FP,Wed 10:00 AM-12:00 PM,
THE TABLE AT THE FAMILY SUPPORT CENTER AT NYU LANGONE (FP),40.639194320254,-74.01449271199,FP,,(718) 630-7171,"550 59th St, Brooklyn, NY, 11220, USA",BK,11220,,Open,FP,Fri 09:00 AM-12:00 PM,
THE TEMPLE OF RESTORATION TTOR FOOD PANTRY (FP),40.684752101397,-73.981575804754,FP,,(646) 863-4239,"490 Pacific St, Brooklyn, New York, 11217",BK,11217,,Open,FP,Tue 10:00 AM-04:00 PM; Thu 10:00 AM-04:00 PM; Sat 10:00 AM-01:00 PM,
TRANSFIGURATION CHURCH (FP),40.704949722022,-73.955957942622,FP,,(718) 782-8181,"280 Marcy Ave, Brooklyn, New York, 11211",BK,11211,,Open,FP,Tue 09:00 AM-12:00 PM; Wed 09:00 AM-12:00 PM,
TREASURES IN EARTHEN JARS FOOD PANTRY (FP),40.632240400013,-73.936284274764,FP,,(718) 308-9147,"4124 Avenue H, Brooklyn, New York, 11210",BK,11210,,Open,FP,Sat 01:00 PM-03:00 PM,
TRINITY HUMAN SERVICE CORPORATION,40.7066049802613,-73.9441259642803,FP,,(718) 388-3176,"153 Johnson Ave, Brooklyn, NY, 11206, USA",BK,11206,,Open,FP,"Tue 09:00 AM-12:00 PM, 01:00 PM-04:00 PM; Wed 09:00 AM-12:00 PM, 01:00 PM-04:00 PM; Thu 09:00 AM-12:00 PM, 01:00 PM-04:00 PM; Fri 09:00 AM-12:00 PM, 01:00 PM-04:00 PM",
TRIUMPHANT FULL GOSPEL ASSEMBLY,40.6607879049428,-73.9299019584106,FP,,(718) 774-4696,"889 Rutland Rd, Brooklyn, New York, 11203",BK,11203,,Open,FP,Thu 02:00 PM-04:00 PM,
TRUE HOLY CHURCH OF GOD IN CHRIST JESUS,40.6759456548262,-73.90674854345,FP,,(718) 385-0248,"2364 Atlantic Ave, Brooklyn, New York, 11233",BK,11233,,Open,FP,Sat 10:00 AM-12:00 PM,
URBAN STRATEGIES INC,40.6602629882564,-73.9144207508836,FP,,(718) 346-2539,"61 Riverdale Ave, Brooklyn, New York, 11212",BK,11212,,Open,FP,Tue 08:00 AM-10:00 AM,
WIADCA CARES (FP),40.668719658008,-73.955600286813,FP,,(718) 467-1797,"1561 Bedford Ave, Brooklyn, New York, 11225",BK,11225,,Open,FP,Wed 10:00 AM-03:00 PM,
WORLD FOR CHRIST FOOD SERVICES,40.656627840668,-73.929183629308,FP,,(347) 249-8928,"874 Clarkson Ave, Brooklyn, New York, 11212",BK,11203,,Open,FP,Sat 10:00 AM-12:00 PM,
"ABRAHAM HOUSE, INC",40.811235607048,-73.92111621514,FP,,(718) 292-9321,"340 Willis Ave, Bronx, New York, 10454",BX,10454,,Open,FP,Sat 09:00 AM-11:00 AM,
ABUNDANT GRACE FOR THE FORSAKEN FOOD PANTRY,40.8713646563102,-73.8438703556749,FP,,(347) 350-4698,"3101 Eastchester Rd, Bronx, New York, 10469",BX,10469,,Open,FP,Sat 09:00 AM-11:00 AM,
ASH-SHIFAA INC FP,40.851637931006,-73.885060368984,FP,,(646) 353-0859,"2269 Crotona Ave, Bronx, New York, 10457",BX,10457,,Open,FP,Mon 01:00 PM-05:00 PM; Tue 01:00 PM-05:00 PM; Wed 01:00 PM-05:00 PM; Thu 01:00 PM-05:00 PM; Fri 02:00 PM-05:00 PM,
BRIGHT TEMPLE A.M.E. CHURCH/PROJECT F.I.L.L.,40.817192374177836,-73.88695828331959,FP,,(718) 542-7777,"812 Faile St, Bronx, New York, 10474",BX,10474,,Open,FP,Fri 10:00 AM-12:00 PM,
BRONX BETHANY COMMUNITY CORPORATION,40.8866890803383,-73.8513939519652,FP,,(718) 697-9672,"971 E 227th St, Bronx, New York, 10466",BX,10466,,Open,FP,Wed 09:00 AM-11:00 AM; Thu 03:00 PM-06:00 PM,
BRONX SEVENTH DAY ADVENTIST CHURCH (FP),40.842157034596,-73.900969472668,FP,,(646) 353-8926,"1695 Washington Ave, Bronx, New York, 10457",BX,10457,,Open,FP,Thu 02:00 PM-05:00 PM,
BRONX TEMPLE SEVENTH DAY ADVENTIST CHURCH,40.81500067413552,-73.91880104966405,FP,,(718) 842-4504,"495 Willis Ave, Bronx, New York, 10455",BX,10455,,Open,FP,Mon 11:30 AM-02:30 PM; Wed 11:30 AM-02:30 PM; Thu 11:30 AM-02:30 PM,
CCCS BRONX FOOD PANTRY,40.81809564997354,-73.91657992914159,FP,,(718) 292-9090,"402 E 152nd St, Bronx, New York, 10455",BX,10455,,Open,FP,Wed 04:00 PM-06:00 PM; Thu 10:00 AM-12:00 PM; Fri 10:00 AM-12:00 PM,
CHRIST DISCIPLES INTERNATIONAL MINISTRIES (FP),40.86962001954,-73.879713126846,FP,,(917) 999-8295,"3021 Webster Ave, Bronx, New York, 10467",BX,10467,,Open,FP,Mon 10:00 AM-03:00 PM; Wed 10:00 AM-03:00 PM; Sat 09:30 AM-12:30 PM,
CHURCH OF THE ATONEMENT FOOD PANTRY,40.8333860015652,-73.8663358678419,FP,,(718) 828-6078,"1344 Beach Ave, Bronx, New York, 10472",BX,10472,,Open,FP,Sat 10:00 AM-12:00 PM,
COOP CITY SDA CHURCH FOOD PANTRY,40.880352319628,-73.831067501489,FP,,(718) 320-0518,"1010 Baychester Ave, Bronx, New York, 10475",BX,10475,,Open,FP,Wed 05:30 PM-07:00 PM,
DAVIDSON COMMUNITY CENTER INC (FP),40.853601014639,-73.908556771422,FP,,(718) 731-6360,"2038 Davidson Ave, Bronx, New York, 10453",BX,10453,,Open,FP,Fri 05:00 PM-08:00 PM,
EMANUEL PENTECOSTAL FAITH CHURCH,40.83161264231,-73.879749092217,FP,,(718) 842-4092,"1310 Elder Ave, Bronx, New York, 10472",BX,10472,,Open,FP,Wed 12:00 PM-02:00 PM,
"EVERY DAY IS A MIRACLE, INC (FP)",40.861683055228,-73.901634409047,FP,,(347) 618-1162,"2424 Jerome Ave, Bronx, NY, 10468, USA",BX,10468,,Open,FP,Thu 08:30 AM-12:00 PM,
FELLOWSHIP COVENANT CHURCH,40.8217227090251,-73.8484113355393,FP,,(718) 829-2116,"720 Castle Hill Ave, Bronx, New York, 10473",BX,10473,,Open,FP,Wed 09:00 AM-11:30 AM,
GETHSEMANE BAPTIST CHURCH (FP),40.842987344124,-73.88947053333,FP,,(347) 948-0772,771 FAIRMOUNT PLACE,BX,10460,,Open,FP,Thu 08:00 AM-10:00 AM,
GIVE BY GRACE WHAT BY GRACE YOU HAVE RECEIVED INC (FP),40.823797271971,-73.895993891124,FP,,(718) 710-9339,"936 E 165th St, Bronx, New York, 10459",BX,10459,,Open,FP,Fri 12:00 PM-01:30 PM,
GIVE THEM TO EAT (FP),40.817630705804,-73.904362969987,FP,,(646) 306-1724,"800 E 156th St, Bronx, New York, 10455",BX,10455,,Open,FP,Fri 11:00 AM-03:00 PM,
GOOD NEIGHBOR COMMUNITY OUTREACH AGENCY INC,40.875711678935,-73.848638736572,FP,,(718) 652-3288,"3356 Seymour Ave, Bronx, New York, 10469",BX,10469,,Open,FP,Wed 12:00 PM-02:00 PM; Fri 07:00 PM-09:00 PM,
GRAND CONCOURSE SEVENTH DAY ADVENTIST CHURCH,40.836383202502674,-73.91634003907272,FP,,(718) 681-2232,"1275 Grand Conc, Bronx, New York, 10452",BX,10452,,Open,FP,Wed 01:30 PM-04:00 PM,
HARVEST TO HAVEN,40.8092240760146,-73.9255280298765,FP,,(718) 665-5250,"210 Alexander Ave, Bronx, NY, 10454, USA",BX,10454,,Open,FP,Wed 10:00 AM-02:00 PM; Thu 10:00 AM-02:00 PM,
INSPIRATIONAL GOSPEL ASSEMBLY,40.8314386340004,-73.9092226298103,FP,,(347) 758-6447,"1211 Brook Ave, Bronx, New York, 10456",BX,10456,,Open,FP,Sat 11:00 AM-01:00 PM,
JAMAICA BENEVOLENT ARM & CULTURAL CENTER,40.887725544575,-73.830704900357,FP,,(646) 907-9858,"2230 Light St, Bronx, New York, 10466",BX,10466,,Open,FP,Sat 10:00 AM-12:00 PM,
LT WORKS FOOD PANTRY,40.824114066001,-73.844195070604,FP,,(347) 810-1201,"2347 Lafayette Ave, Bronx, New York, 10473",BX,10473,,Open,FP,Thu 10:30 AM-12:30 PM,
MORRISANIA REVITALIZATION CORP INC,40.825656298013534,-73.90670875342784,FP,,(718) 589-7858,"576B E 165th St, Bronx, NY, 10456, USA",BX,10456,,Open,FP,Mon 09:00 AM-01:00 PM; Wed 09:00 AM-01:00 PM; Fri 09:00 AM-01:00 PM,
MOSAIC BEACON COMMUNITY CENTER (FP),40.839680643212,-73.925700110349,FP,,(917) 962-9955,"1257 Ogden Ave, Bronx, New York, 10452",BX,10452,,Open,FP,Fri 03:00 PM-05:00 PM,
MOSHOLU MONTEFIORE COMMUNITY CENTER FP,40.881965584532,-73.880582337212,FP,,(718) 882-4000,"3450 Dekalb Ave, Bronx, New York, 10467",BX,10467,,Open,FP,Wed 10:00 AM-12:00 PM,
NEW CONVENANT COMMUNITY DEVELOPMENT CORP,40.82893143912261,-73.90323484963888,FP,,(718) 328-6072,"1175 Boston Rd, Bronx, New York, 10456",BX,10456,,Open,FP,Tue 02:00 PM-04:00 PM; Thu 10:00 AM-01:00 PM,
NEW YORK COMMON PANTRY - BRONX,40.830863425895,-73.8903926843267,FP,,(917) 423-2701,"1290 Hoe Ave, Bronx, New York, 10459",BX,10459,,Open,FP,Thu 10:00 AM-02:30 PM; Fri 10:00 AM-02:30 PM; Sat 10:00 AM-02:30 PM,
PARKCHESTER BAPTIST CHURCH (FP),40.834525060297,-73.857174782947,FP,,(718) 823-8124,"2021 Benedict Ave, Bronx, New York, 10462",BX,10462,,Open,FP,Tue 11:00 AM-12:00 PM,
"THE HARDING FORD VISION, INC",40.698230285523,-73.797112327906,FP,,(347) 661-7382,"157-22 Tuskegee Airmen Way, Jamaica, New York, 11433",QN,11433,JAMAICA,Open,FP,Wed 10:00 AM-12:00 PM; Fri 02:00 PM-04:00 PM,
PROJECT L.E.A.D.,40.7040034051537,-73.8255130657114,FPK,,(718) 495-6210,"85-12 126th St, Kew Gardens, New York, 11415",QN,11415,KEW GARDENS,Open,FP,Sun 07:30 AM-09:30 AM,
SAM FIELD Y (FPK),40.761333862674,-73.722885294688,FPK,,(718) 704-8160,"58-25 Little Neck Pkwy, Little Neck, NY, 11362, USA",QN,11362,LITTLE NECK,Open,FP,Mon 09:00 AM-02:00 PM; Tue 11:00 AM-02:00 PM; Wed 09:00 AM-02:00 PM; Thu 09:00 AM-02:00 PM; Fri 09:00 AM-12:00 PM,
ST. CLEMENTS FOOD PANTRY (FP),40.761480294523,-73.991641967553,FP,,(212) 246-7277,"423 W 46th St, New York, New York, 10036",NY,10036,LOCATED BETWEEN 9TH & 10TH AVE,Open,FP,Fri 02:00 PM-06:00 PM; Sat 08:00 AM-11:30 AM,
CENTER OF HOPE INTERNATIONAL,40.756916934977,-73.941854049425,FP,,(718) 784-4673,"38-49 12nd St, Long Island City, New York, 11101",QN,11101,LONG ISLAND CITY,Open,FP,Tue 12:00 PM-03:00 PM; Wed 11:00 AM-02:00 PM; Thu 11:00 AM-02:00 PM,
EVANGEL FOOD PANTRY,40.7542084067847,-73.9371155919214,FP,,(718) 361-5454,"39-21 Crescent St, Long Island City, New York, 11101",QN,11101,LONG ISLAND CITY,Open,FP,Tue 09:00 AM-03:00 PM; Wed 09:00 AM-03:00 PM; Thu 09:00 AM-03:00 PM; Fri 09:00 AM-03:00 PM; Sat 09:00 AM-12:00 PM,
HOUR CHILDREN COMMUNITY OUTREACH (FP),40.759936767053,-73.940527780885,FP,,(718) 482-8226,"36-49 11th St, Astoria, New York, 11106",QN,11106,LONG ISLAND CITY,Open,FP,Mon 02:00 AM-04:00 PM; Tue 10:30 AM-12:30 PM; Thu 02:00 PM-04:00 PM,
IGLESIA ALIANZA MISIONERA EBENEZER (FP),40.745653920223,-73.926867374185,FP,,(718) 729-1944,"43-02 38th St, Long Island City, New York, 11101",QN,11101,LONG ISLAND CITY,Open,FP,Sat 08:00 AM-01:00 PM,
ST. RAPHAEL CHURCH FOOD PANTRY (FP),40.737154754222,-73.930045875688,FP,,(718) 729-8957,"35-20 Greenpoint Ave, Sunnyside, New York, 11104",QN,11104,LONG ISLAND CITY,Open,FP,Thu 10:30 AM-12:00 PM; Sat 01:30 PM-03:00 PM,
CHURCH OF THE ANNUNCIATION,40.81627170593305,-73.95296510027394,FP,,(212) 234-1919,"88 Convent Ave, New York, New York, 10027",NY,10027,NEAR 132ND STREET,Open,FP,Tue 02:00 PM-05:00 PM,
ST. PETER'S FOOD PANTRY,40.7441535176449,-74.0019205277795,FP,,(212) 929-2390,"346 W 20th St, New York, New York, 10011",NY,10011,NEAR 9TH AVE,Open,FP,Sat 10:30 AM-11:30 AM,
UNITED METHODIST CENTER IN FAR ROCKAWAY,40.603122464662,-73.751793305274,FP,SK,(718) 327-5071,"1032 Beach 19th St, Far Rockaway, NY, 11691, USA",QN,11691,NEAR MOTT AVE,Open,"FP,SK","Tue 09:30 AM-11:00 AM, 01:00 PM-04:00 PM; Wed 09:30 AM-11:00 AM, 01:00 PM-04:00 PM","Mon 12:00 PM-01:00 PM, 04:30 PM-05:30 PM; Tue 12:00 PM-01:00 PM, 04:30 PM-05:30 PM; Wed 12:00 PM-01:00 PM, 04:30 PM-05:30 PM; Thu 12:00 PM-01:00 PM, 04:30 PM-05:30 PM; Fri 12:00 PM-01:00 PM, 04:30 PM-05:30 PM"
DIVINE FOOD PANTRY,40.714770504606,-73.742948385767,FP,,(516) 415-1192,"215-31 99th Ave, Queens Village, New York, 11429",QN,11429,QUEENS VILLAGE,Open,FP,Fri 04:00 PM-06:30 PM,
HOLLIS AVENUE CONGREGATIONAL CHURCH,40.7088860313915,-73.74634565494318,FP,,(718) 468-1498,"211-04 Hollis Ave, Queens Village, New York, 11429",QN,11429,QUEENS VILLAGE,Open,FP,Tue 08:00 AM-11:00 AM,
BLACK FORUM OF CO-OP CITY,40.877169417626,-73.833184183498,FP,,(718) 320-8035,"920 Baychester Ave, Bronx, New York, 10475",BX,10475,REAR LOBBY LEVEL,Open,FP,Thu 11:00 AM-12:45 PM; Fri 11:00 AM-12:45 PM,
CALVARY'S MISSION,40.693218368428,-73.843565254399,FP,,,"102-16 89th Ave, Richmond Hill, New York, 11418",QN,11418,RICHMOND HILL,Open,FP,Fri 03:30 PM-06:30 PM,
RIVER FUND,40.696941526,-73.829205880793,FP,,(718) 441-1125,"89-11 Lefferts Blvd, Richmond Hill, New York, 11418",QN,11418,RICHMOND HILL,Open,FP,Wed 09:00 AM-11:30 AM; Sat 09:00 AM-11:30 AM,
ST. THOMAS AQUINAS FOOD PANTRY  (FP),40.840785084684,-73.885468567668,FP,,(718) 589-5235,"1900 Crotona Pkwy, Bronx, New York, 10460",BX,10460,SIDE OF CHURCH/BASEMENT,Open,FP,Wed 10:00 AM-12:00 PM,
DELIVERANCE TEMPLE CHURCH OF JESUS CHRIST,40.674453424604,-73.804106942287,FP,,(718) 529-1993,"134-10 Rockaway Blvd, South Ozone Park, New York, 11420",QN,11420,SOUTH OZONE PARK,Open,FP,Tue 05:30 PM-06:30 PM,
MORRIS BROWN HELPING HAND FOOD PROGRAM,40.6738038271078,-73.7934154056913,FP,,(718) 322-7596,"145-03 Rockaway Blvd, Jamaica, New York, 11436",QN,11436,SOUTH OZONE PARK,Open,FP,Wed 10:00 AM-12:00 PM,
BVM/ST. MARY'S CHURCH WINFIELD,40.7384780052763,-73.892792842301,FP,,(718) 672-4848,"70-31 48th Ave, Woodside, New York, 11377",QN,11377,WOODSIDE,Open,FP,Thu 09:30 AM-12:00 PM,
SAINT TERESA CHURCH - SAINT VINCENT DePAUL SOCIETY,40.7370094120209,-73.9210412809258,FP,,(718) 784-2123,"50-20 45th St, Woodside, New York, 11377",QN,11377,WOODSIDE,Open,FP,Tue 04:00 PM-05:30 PM,
ADMIRABLE CHURCH INC (FP),40.623151231847,-73.937678101444,FP,,(347) 779-7192,"1910 Flatbush Ave, Brooklyn, New York, 11210",BK,11210,,Open,FP,Sat 10:00 AM-12:00 PM,
APNA FOOD PANTRY BRIGHTON BEACH,40.58172908173023,-73.96168211193833,FP,,(718) 513-4700,"225 Neptune Ave, Brooklyn, New York, 11235",BK,11235,,Open,FP,Wed 02:00 PM-03:00 PM,
KINGS BAY Y FOOD PANTRY,40.598730934131,-73.941331353943,FPK,,(718) 648-7703,"3495 Nostrand Ave, Brooklyn, New York, 11229",BK,11229,,Open,FP,Fri 09:30 AM-11:00 AM,
METROPOLITAN COUNCIL ON JEWISH POVERTY,40.638733357489,-73.923713431658,FPK,,(718) 763-5318,"5361 Preston Ct, Brooklyn, New York, 11234",BK,11234,,Open,FP,Tue 03:00 PM-05:00 PM; Thu 03:00 PM-05:00 PM,
NAT'L COMM. FOR FUTH. OF JEWISH ED.(UC),40.6689654154093,-73.9410246601054,FPK,,(718) 735-0200,"824 Eastern Pkwy, Brooklyn, New York, 11213",BK,11213,,Open,FP,Fri 12:00 PM-01:00 PM,
SEPHARDIC BIKUR HOLIM FOOD PANTRY (FPK),40.604623537792,-73.974870868947,FPK,,(718) 787-1100,"425 Kings Hwy, Brooklyn, New York, 11223",BK,11223,,Open,FP,"Mon 09:00 AM-12:30 PM, 01:00 PM-04:30 PM; Tue 09:00 AM-12:30 PM, 01:00 PM-04:30 PM; Wed 09:00 AM-12:30 PM, 01:00 PM-04:30 PM; Thu 09:00 AM-12:30 PM, 01:00 PM-04:30 PM; Fri 09:00 AM-01:00 PM",
SHALOM SENIOR CENTER,40.663361191127,-73.939834429854,FPK,,(718) 774-9213,"483 Albany Ave, Brooklyn, New York, 11203",BK,11203,,Open,FP,Mon 01:00 PM-02:00 PM; Tue 01:00 PM-02:00 PM; Wed 01:00 PM-02:00 PM; Thu 01:00 PM-02:00 PM; Fri 12:00 PM-01:00 PM,
TOMCHE SHABBOS OF BORO PARK,40.625370424532,-73.9970001829774,FPK,,(718) 259-5576,"6225 New Utrecht Ave, Brooklyn, New York, 11219",BK,11219,,Open,FP,Wed 03:00 PM-05:00 PM,
ZICHRON ACHEINU LEVY-MENACHEM TZION,40.639623347968,-73.994726005008,FPK,,(347) 742-0552,"4518 11th Ave, Brooklyn, New York, 11219",BK,11219,,Open,FP,Wed 10:00 AM-12:00 PM,
JEWISH COMMUNITY COUNCIL OF PELHAM PARKWAY,40.85534281602844,-73.8658499689148,FPK,,(718) 792-4744,"2157 Holland Ave, Bronx, New York, 10462",BX,10462,,Open,FP,Thu 11:00 AM-03:00 PM,
JEWISH COMMUNITY COUNCIL OF WASHINGTON HGTS,40.854067844736,-73.934593393437,FPK,,(212) 568-5450,"121 Bennett Ave, New York, NY, 10033, USA",NY,10033,#11A,Open,FP,Wed 10:00 AM-01:00 PM,
LILLIAN WALD FOOD PANTRY,40.720245521851,-73.978182475072,FPK,,(212) 260-2731,"12 Avenue D, New York, New York, 10009",NY,10009,,Open,FP,Tue 10:00 AM-02:00 PM; Wed 10:00 AM-02:00 PM,
ESTHER GRUNBLATT-CENTRAL QUEENS Y (FPK),40.728684128601,-73.847202916558,FPK,,(718) 704-8160,"67-09 108th St, Forest Hills, New York, 11375 ",QN,11375,,Open,FP,"Mon 09:00 AM-02:00 PM, 03:30 PM-06:30 PM; Tue 09:00 PM-02:00 PM; Wed 09:00 AM-02:00 PM, 03:30 PM-06:30 PM; Thu 09:00 AM-02:00 PM; Fri 09:00 AM-12:00 PM",
JEWISH COMMUNITY COUNCIL OF THE ROCKAWAY PENINSULA,40.605287468343,-73.751658775728,FPK,,(718) 327-7755,"15-25 Central Ave, Far Rockaway, NY, 11691, USA",QN,11691,,Open,FP,Tue 09:30 AM-01:30 PM; Thu 09:30 AM-01:30 PM,
JEWISH COMMUNITY CENTER OF STATEN ISLAND,40.594743411334,-74.126203951485,FPK,,(718) 475-5242,"1466 Manor Rd, Staten Island, New York, 10314",SI,10314,,Open,FP,Mon 09:00 AM-05:00 PM; Tue 09:00 AM-05:00 PM; Wed 09:00 AM-05:00 PM; Thu 09:00 AM-06:30 PM; Fri 09:00 AM-03:00 PM,
MESIVTHA OF STATEN ISLAND,40.527651892289356,-74.21445332198145,FPK,,(718) 356-5412,"1870 Drumgoole Rd E, Staten Island, New York, 10309",SI,10309,,Open,FP,Wed 11:00 AM-12:00 PM,
CITY HARVEST - BED-STUY MOBILE MARKET,40.69775440297,-73.94609277786,FPM,,(646) 412-0740,"736 Park Ave, Brooklyn, NY, 11206, USA",BK,11206,,Open,FP,Wed 09:30 AM-11:30 AM,
METRO MINISTRIES INTERNATIONAL (FP),40.693939715016,-73.924893268349,FPM,,(718) 453-3352,"11 Harman St, Brooklyn, NY, 11221, USA",BK,11221,,Open,FP,Sat 10:30 AM-12:00 PM,
CITY HARVEST - MELROSE MOBILE MARKET,40.821535960222,-73.920266625434,FPM,,(646) 412-0740,"286 E 156th St, Bronx, New York, 10451",BX,10451,,Open,FP,Wed 09:30 AM-11:30 AM; Sat 09:30 AM-11:30 AM,
CITY HARVEST - ST. MARY'S MOBILE MARKET,40.815134994134,-73.909729818771,FPM,,(646) 412-0740,"595 Trinity Ave, Bronx, New York, 10455",BX,10455,,Open,FP,Tue 09:30 AM-11:30 AM; Sat 09:30 AM-11:30 AM,
CITY HARVEST MOBILE MARKET - DYCKMAN HOUSES,40.861138902074,-73.923996153252,FPM,,(646) 412-0740,"177 Nagle Ave, New York, New York, 10034",NY,10034,,Open,FP,Wed 09:30 AM-11:30 AM; Sat 09:30 AM-11:30 AM,
CITY HARVEST MOBILE MARKET - PRINCE HALL,40.830800310164,-73.941866873736,FPM,,(646) 412-0740,"454 W 155th St, New York, New York, 10032",NY,10032,,Open,FP,Thu 09:30 AM-11:30 AM; Sat 09:30 AM-11:30 AM,
CITY HARVEST - ASTORIA MOBILE MARKET,40.77401018108467,-73.9367171243643,FPM,,(646) 412-0725,"1-11 Astoria Blvd, Astoria, NY, 11102, USA",QN,11102,,Open,FP,Thu 09:30 AM-11:30 AM; Sat 09:30 AM-11:30 AM,
CITY HARVEST MOBILE MARKET - QUEENSBRIDGE HOUSES,40.755455759706,-73.944638769117,FPM,,(646) 412-0740,"10-25 41st Ave, Long Island City, New York, 11101",QN,11101,,Open,FP,Wed 09:30 AM-11:30 AM; Sat 09:30 AM-11:30 AM,
CITY HARVEST - STAPLETON MOBILE MARKET,40.622138656034,-74.080622491464,FPM,,(646) 412-0740,"75 Hill St, Staten Island, NY, 10304, USA",SI,10304,,Open,FP,Tue 09:30 AM-11:30 AM; Sat 09:30 AM-11:30 AM,
BETHANY UNITED METHODIST CHURCH (SK),40.670745061091,-73.93826357738,,SK,(718) 774-5689,"1208 St Johns Pl, Brooklyn, New York, 11213",BK,11213,,Open,SK,,Tue 12:30 PM-02:30 PM; Thu 05:00 PM-07:00 PM
COMMUNITY HELP IN PARK SLOPE INC (SK),40.678294012639,-73.982714821576,,SK,(718) 237-2962,"200 4th Ave, Brooklyn, NY, 11217, USA",BK,11217,,Open,SK,,"Mon 09:00 AM-10:30 AM, 11:30 AM-01:00 PM; Tue 09:00 AM-10:30 AM, 11:30 AM-01:00 PM; Wed 09:00 AM-10:30 AM, 11:30 AM-01:00 PM; Thu 09:00 AM-10:30 AM, 11:30 AM-01:00 PM; Fri 09:00 AM-10:30 AM, 11:30 AM-01:00 PM; Sat 09:00 AM-10:30 AM, 11:30 AM-01:00 PM"
HOPE CENTER DEVELOPMENT CORPORATION,40.6571944573229,-73.91844674661684,,SK,(718) 385-1043,"409 E 95th St, Brooklyn, New York, 11212",BK,11212,,Open,SK,,Sat 11:00 AM-01:30 PM
NEIGHBORS TOGETHER (SK),40.678329048994,-73.913937198889,,SK,(718) 498-7256,"2094 Fulton St, Brooklyn, New York, 11233",BK,11233,,Open,SK,,"Mon 12:00 PM-02:00 PM, 04:00 PM-06:00 PM; Tue 12:00 PM-02:00 PM, 04:00 PM-06:00 PM; Wed 12:00 PM-02:00 PM, 04:00 PM-06:00 PM; Thu 12:00 PM-02:00 PM, 04:00 PM-06:00 PM; Fri 12:00 PM-02:00 PM"
OPIN (OTHER PEOPLE IN NEED) (83913),40.669760397016,-73.91848287262,,SK,(718) 421-0148,"1768 St Johns Pl, Brooklyn, New York, 11233",BK,11233,,Open,SK,,Fri 02:00 PM-04:00 PM
UNITED COMMUNITY BAPTIST CHURCH,40.66019128107476,-73.93106251672425,,SK,(718) 467-7708,"545 Utica Ave, Brooklyn, New York, 11203",BK,11203,,Open,SK,,Sat 10:00 AM-12:00 PM
EASTCHESTER PRESBYTERIAN CHURCH (SK),40.871322076242,-73.847255387272,,SK,(718) 798-1855,"3154 Fish Ave, Bronx, New York, 10469",BX,10469,,Open,SK,,Thu 05:00 PM-06:00 PM
LOYAL BAPTIST CHURCH,40.8261247169348,-73.89622724330809,,SK,(718) 328-3512,"881 E 167th St, Bronx, New York, 10459",BX,10459,,Open,SK,,Thu 11:00 AM-03:00 PM
PATHHSEO INC,40.8321441807,-73.891099614041,,SK,(917) 471-9188,"1357 Southern Blvd, Bronx, NY, 10459, USA",BX,10459,,Open,SK,,Sat 12:00 PM-02:00 PM
ST. ANTHONY'S CHURCH (SK),40.837910259533,-73.869447565577,,SK,(718) 931-4040,"1750 Mansion St, Bronx, New York, 10460",BX,10460,,Open,SK,,Sat 07:00 AM-01:00 PM
WOODYCREST UNITED METHODIST CHURCH,40.835310235077,-73.926558836329,,SK,(718) 538-7500,"89 W 166th St, Bronx, New York, 10452",BX,10452,,Open,SK,,Wed 12:00 PM-01:30 PM
EBENEZER SEVENTH DAY ADVENTIST CHURCH,40.667489152713,-73.92123917766,FP,SK,(718) 879-0542,"1234 E New York Ave, Brooklyn, New York, 11212",BK,11212,,Open,"FP,SK",Wed 10:30 AM-12:00 PM,
GRAND CENTRAL NEIGHBORHOOD SOCIAL SERVICE CORP.,40.647907476243,-73.947599257318,FP,SK,(212) 883-0680,"120 E 32nd St, New York, NY, 10016, USA",BK,10016,,Open,"FP,SK",Wed 01:00 PM-03:00 PM,"Mon 07:30 AM-08:15 AM, 12:00 PM-01:15 PM, 03:00 PM-05:00 PM; Tue 07:30 AM-08:15 AM, 12:00 PM-01:15 PM, 03:00 PM-05:00 PM; Wed 07:30 AM-08:15 AM, 12:00 PM-01:15 PM, 03:00 PM-05:00 PM; Thu 07:30 AM-08:15 AM, 12:00 PM-01:15 PM, 03:00 PM-05:00 PM; Fri 07:30 AM-08:15 AM, 12:00 PM-01:15 PM, 03:00 PM-05:00 PM; Sat 07:30 AM-08:15 AM, 12:00 PM-01:15 PM, 03:00 PM-05:00 PM; Sun 07:30 AM-08:15 AM, 12:00 PM-01:15 PM, 03:00 PM-05:00 PM"
SOUTHERN BAPTIST CHURCH,40.799650308117,-73.960045293886,,SK,(212) 663-6549,"12 W 108th St, New York, New York, 10025",NY,10025,,Open,SK,,Wed 12:00 PM-01:30 PM
ST. IGNATIUS EPISCOPAL CHURCH,40.7893183551679,-73.977312852618,,SK,(212) 580-3326,"552 W End Ave, New York, New York, 10024",NY,10024,,Open,SK,,Mon 06:45 PM-07:15 PM; Sat 03:45 PM-04:15 PM
ST. MICHAEL'S CHURCH,40.79645357597454,-73.96942405680633,,SK,(212) 222-2700,"225 W 99th St, New York, New York, 10025",NY,10025,,Open,SK,,Sat 10:00 AM-11:30 AM
TEMPLE SHAARAY TEFILA,40.773348776052,-73.955474055351,,SK,(212) 535-8008,"250 E 79th St, New York, New York, 10075",NY,10075,,Open,SK,,Wed 11:15 AM-12:00 PM
"UNIVERSITY COMMUNITY SOCIAL SERVICES, INC",40.723116156051,-73.986289870919,,SK,(347) 850-2230,"137 E 2nd St, New York, New York, 10009",NY,10009,,Open,SK,,"Sat 09:00 AM-10:00 AM, 01:00 PM-02:30 PM"
CONGREGATION B'NAI JESHURUN,40.7900202138303,-73.9762362809741,,SKK,(212) 787-7600,"257 W 88th St, New York, New York, 10024",NY,10024,,Open,SK,,Thu 12:00 PM-01:00 PM
COALITION FOR THE HOMELESS,40.757344520409,-73.97258170199,,SKM,(212) 776-2002,"108 E 51st St, New York, NY, 10022, USA",NY,10022,,Open,SK,,Mon 05:30 PM-10:00 PM; Tue 05:30 PM-10:00 PM; Wed 05:30 PM-10:00 PM; Thu 05:30 PM-10:00 PM; Fri 05:30 PM-10:00 PM; Sat 05:30 PM-10:00 PM; Sun 05:30 PM-10:00 PM
"FAITH CENTER FOR HUMAN SERVICES, INC",40.689302385174,-73.922833834739,FP,SK,(646) 431-9729,"1014 Gates Ave, Brooklyn, New York, 11221",BK,11221,,Open,"FP,SK",Sat 09:30 AM-12:00 PM,Sat 09:30 AM-12:00 PM
HEBRON SEVENTH DAY ADVENTIST CHURCH,40.671011312246,-73.884983004017,FP,SK,(718) 778-6454,"905 Sutter Ave, Brooklyn, NY, 11207, USA",BK,11207,,Open,"FP,SK",Wed 09:30 AM-10:00 AM,Sun 12:30 PM-02:00 PM
ISAIAH'S TEMPLE OF MT. HOPE,40.675713518018,-73.878185867275,FP,SK,(718) 277-4038,"862 Glenmore Ave, Brooklyn, New York, 11208",BK,11208,,Open,"FP,SK",Thu 02:00 PM-04:00 PM,Tue 02:00 PM-04:00 PM; Thu 02:00 PM-04:00 PM
NEXT STEP COMMUNITY CHURCH,40.68664146619227,-73.98023495170298,FP,SK,(718) 875-1858,"360 Schermerhorn St, Brooklyn, New York, 11217",BK,11217,,Open,"FP,SK",Sat 09:00 AM-10:30 AM,Mon 09:00 AM-10:00 AM; Tue 09:00 AM-10:00 AM; Wed 09:00 AM-10:00 AM
ST. GEORGE'S EPISCOPAL CHURCH FOOD PANTRY,40.686339969135,-73.947586349187,FP,SK,(718) 789-6036,"800 Marcy Ave, Brooklyn, New York, 11216",BK,11216,,Open,"FP,SK",Fri 10:00 AM-02:00 PM,Tue 12:30 PM-02:00 PM; Wed 12:30 PM-02:00 PM; Thu 12:30 PM-02:00 PM
ST. JOHN'S BREAD & LIFE FOOD PANTRY,40.763811720891,-73.966845615752,FP,SK,(718) 574-0058,"795 Lexington Ave, New York, New York, 10065",NY,10065,,Open,"FP,SK",Mon 08:00 AM-01:00 PM; Tue 08:00 AM-01:00 PM; Wed 08:00 AM-01:00 PM; Thu 08:00 AM-01:00 PM,Mon 09:00 AM-12:30 PM; Tue 09:00 AM-12:30 PM; Wed 09:00 AM-12:30 PM; Thu 09:00 AM-12:30 PM
ST. STEPHEN OUTREACH COMMUNITY DEVELOPMENT CORPORATION,40.695508933019,-73.947117381705,FP,SK,(718) 938-4532,"874 Myrtle Ave, Brooklyn, New York, 11206",BK,11206,,Open,"FP,SK",Wed 11:00 AM-01:00 PM; Thu 11:00 AM-01:00 PM; Fri 11:00 AM-01:00 PM,Wed 09:00 AM-10:30 AM; Fri 09:00 AM-10:30 AM
THE SALVATION ARMY BUSHWICK CORPS,40.689263199777,-73.917314770593,FP,SK,(718) 455-4102,"1151 Bushwick Ave, Brooklyn, New York, 11221",BK,11221,,Open,"FP,SK",Mon 10:00 AM-12:30 PM; Tue 10:00 AM-12:30 PM; Thu 10:00 AM-12:30 PM,Mon 12:30 PM-02:00 PM; Tue 12:30 PM-02:00 PM; Thu 12:30 PM-02:00 PM; Fri 12:30 PM-02:00 PM
THE SALVATION ARMY SUNSET PARK CORPS,40.644693603108,-74.0098265064926,FP,SK,(718) 438-1771,"520 50th St, Brooklyn, New York, 11220",BK,11220,,Open,"FP,SK",Wed 10:00 AM-12:00 PM,Mon 12:00 PM-01:00 PM; Tue 12:00 PM-01:00 PM; Wed 12:00 PM-01:00 PM; Thu 12:00 PM-01:00 PM; Fri 12:00 PM-01:00 PM
THURSTON MEMORIAL OUTREACH MINISTRIES,40.68775743278104,-73.91469140253714,FP,,(718) 452-3646,"1243 Bushwick Ave, Brooklyn, New York, 11221",BK,11221,,Open,FP,Fri 02:00 PM-04:30 PM,
"CRESTON AVENUE BAPTIST CHURCH, INC",40.861844071588,-73.899158981582,FP,SK,(718) 367-1754,"114 E 188th St, Bronx, New York, 10468",BX,10468,,Open,"FP,SK",Mon 12:00 PM-02:00 PM; Wed 12:00 PM-02:00 PM; Fri 12:00 PM-02:00 PM,Sat 12:00 PM-02:00 PM
GRACE EPISCOPAL CHURCH  (BX),40.840571639519,-73.883551961688,FP,SK,(718) 542-1946,"1909 Vyse Ave, Bronx, New York, 10460",BX,10460,,Open,"FP,SK",Thu 07:30 AM-10:30 AM,Sat 12:00 PM-01:30 PM
"MANNA OF LIFE MINISTRIES, INC",40.827525039589,-73.904892119535,FP,SK,(347) 577-5788,"1101 Boston Rd, Bronx, New York, 10456",BX,10456,,Open,"FP,SK",Wed 08:00 AM-11:00 AM; Thu 08:00 AM-11:00 AM; Sat 08:00 AM-11:00 AM,Sat 09:00 AM-01:00 PM
PART OF THE SOLUTION,40.865752553039,-73.886562406033,FP,SK,(929) 566-7980,"2759 Webster Ave, Bronx, New York, 10458",BX,10458,,Open,"FP,SK",Mon 08:30 AM-11:00 AM; Tue 08:30 AM-11:00 AM; Wed 08:30 AM-11:00 AM; Thu 08:30 AM-11:00 AM; Fri 08:30 AM-11:00 AM; Sat 08:30 AM-11:00 AM,Mon 12:30 PM-03:00 PM; Tue 12:30 PM-03:00 PM; Wed 12:30 PM-03:00 PM; Thu 12:30 PM-03:00 PM; Fri 12:30 PM-03:00 PM; Sat 12:30 PM-03:00 PM
ST. ANN'S CHURCH OF MORRISANIA,40.808443972286,-73.916662155612,FP,SK,(718) 585-5632,"295 St Anns Ave, Bronx, New York, 10454",BX,10454,,Open,"FP,SK","Wed 10:00 AM-01:00 PM, 05:00 PM-06:00 PM",Sun 11:00 AM-01:00 PM
ST. LUKE'S SENIOR COMMUNITY PROGRAM (SK),40.88508918457,-73.85920454462,,SK,(718) 882-3060,"765 E 222nd St, Bronx, New York, 10467",BX,10467,,Open,SK,,Mon 12:00 PM-01:00 PM; Tue 12:00 PM-01:00 PM; Wed 12:00 PM-01:00 PM; Thu 12:00 PM-01:00 PM; Fri 12:00 PM-01:00 PM
THE SALVATION ARMY BRONX CITADEL,40.822707289282,-73.913415676874,FP,SK,(718) 665-8472,"425 E 159th St, Bronx, New York, 10451",BX,10451,,Open,"FP,SK",Tue 09:00 AM-12:00 PM,Mon 01:00 PM-02:00 PM; Wed 01:00 PM-02:00 PM; Fri 01:00 PM-02:00 PM
ADVENT LUTHERAN CHURCH,40.792761682902,-73.972843286569,FP,SK,(212) 665-2504,"2504 Broadway, New York, New York, 10025",NY,10025,,Open,"FP,SK",Sat 10:00 AM-12:00 PM,Sat 12:00 PM-01:00 PM
ANOTHER CHOICE YOUTH AND FAMILY OUTREACH INC,40.7997968656941,-73.9448087541129,FP,,(212) 369-6643,"1765 Madison Ave, New York, New York, 10029",NY,10029,,Open,FP,Fri 10:00 AM-11:00 AM; Sat 10:00 AM-12:00 PM,
BROADWAY COMMUNITY ,40.806913394857,-73.965059348366,FP,SK,(212) 864-6100,"601 W 114th St, New York, New York, 10025",NY,10025,,Open,"FP,SK",Thu 02:00 PM-05:00 PM,"Mon 10:00 AM-11:30 AM, 12:30 PM-01:30 PM; Tue 10:00 AM-11:30 AM, 12:30 PM-01:30 PM; Wed 10:00 AM-11:30 AM, 12:30 PM-01:30 PM; Fri 10:00 AM-11:30 AM, 12:30 PM-01:30 PM"
CROSSROADS COMMUNITY SERVICES INC,40.757344520409,-73.97258170199,FP,SK,(212) 378-0229,"108 E 51st St, New York, NY, 10022, USA",NY,10022,,Open,"FP,SK",Thu 09:30 AM-12:45 PM,Mon 07:45 AM-08:45 AM; Wed 07:45 AM-08:45 AM; Sat 10:00 AM-11:00 AM; Sun 07:45 AM-08:45 AM
FOOD BANK FOR NEW YORK CITY ,40.80396723971,-73.954981786178,FP,SK,(212) 566-7855,"252 W 116th St, New York, New York, 10026",NY,10026,,Open,"FP,SK",Tue 09:30 AM-03:30 PM; Wed 09:30 AM-03:30 PM; Thu 12:00 PM-06:00 PM; Sat 11:00 AM-02:00 PM,Mon 04:00 PM-06:00 PM; Wed 04:00 PM-06:00 PM; Fri 04:00 PM-06:00 PM
"FRATERNITE NOTRE DAME, INC",40.797059461846,-73.934418714575,FP,SK,(212) 876-5855,"2290 1st Ave, New York, New York, 10035",NY,10035,,Open,"FP,SK",Fri 02:00 PM-05:00 PM,Thu 11:00 AM-01:00 PM
HOLY APOSTLES SOUP KITCHEN PANTRY,40.749362116097,-73.998974372632,FP,SK,(646) 998-6105,"296 9th Ave, New York, New York, 10001",NY,10001,,Open,"FP,SK",Tue 01:30 PM-03:00 PM; Wed 01:30 PM-03:00 PM; Thu 01:30 PM-03:00 PM,Mon 10:30 AM-12:30 PM; Tue 10:30 AM-12:30 PM; Wed 10:30 AM-12:30 PM; Thu 10:30 AM-12:30 PM; Fri 10:30 AM-12:30 PM
IRIS HOUSE,40.817088731945,-73.942739681314,FP,SK,(646) 548-0100,"2348 Adam Clayton Powell Jr Blvd, New York, New York, 10030",NY,10030,,Open,"FP,SK",Thu 10:00 AM-03:00 PM,Tue 12:00 PM-01:30 PM; Wed 12:00 PM-01:30 PM; Thu 12:00 PM-01:30 PM; Fri 12:00 PM-01:30 PM
NATIONAL COUNCIL OF JEWISH WOMEN,40.779399965321,-73.983076165422,FP,SK,(212) 799-7205,"241 W 72nd St, New York, New York, 10023",NY,10023,,Open,"FP,SK",Mon 09:30 AM-01:30 PM,Wed 04:30 PM-05:00 PM; Sun 11:30 AM-12:30 PM
NEW YORK COMMON PANTRY,40.7958691058661,-73.9491240931438,FP,SK,(917) 720-9700,"8 E 109th St, New York, New York, 10029",NY,10029,,Open,"FP,SK",Wed 10:00 AM-02:30 PM; Thu 10:00 AM-02:30 PM; Fri 10:00 AM-02:30 PM; Sat 10:00 AM-02:30 PM,Mon 02:30 PM-03:30 PM; Tue 02:30 PM-03:30 PM; Wed 02:30 PM-03:30 PM; Thu 02:30 PM-03:30 PM; Fri 02:30 PM-03:30 PM
SALEM UNITED METHODIST CHURCH,40.811921330547,-73.946516483066,FP,SK,(212) 678-2700,"2190 Adam Clayton Powell Jr Blvd, New York, New York, 10027",NY,10027,,Open,"FP,SK",Tue 10:00 AM-12:00 PM,Wed 10:30 AM-12:00 PM
ST. PAUL'S HOUSE INC.,40.7636435799132,-73.9870762610748,FP,SK,(212) 265-5433,"335 W 51st St, New York, New York, 10019",NY,10019,,Open,"FP,SK",Tue 09:30 AM-10:30 AM,Mon 08:00 AM-08:30 AM; Wed 08:00 AM-08:30 AM; Fri 08:00 AM-08:30 AM
THE RED DOOR PLACE,40.738145034172646,-74.00056953262565,FP,SK,(212) 243-5470,"201 W 13rd St, New York, New York, 10011",NY,10011,,Open,"FP,SK",Tue 02:00 PM-04:50 PM,Sat 12:00 PM-02:00 PM
THE URBAN OUTREACH CENTER OF NYC,40.779771115994,-73.9474898734817,FP,SK,(212) 288-6743,"1745 1st Ave, New York, New York, 10128",NY,10128,,Open,"FP,SK",Wed 09:00 AM-01:00 PM; Fri 09:00 AM-01:00 PM,Tue 05:30 PM-06:30 PM
"TRINITY'S SERVICES AND FOOD FOR THE HOMELESS, INC.",40.72604923542872,-73.98004065918738,FP,SK,(212) 228-5254,"602 E 9th St, New York, New York, 10009",NY,10009,,Open,"FP,SK",Mon 12:30 PM-01:30 PM; Tue 12:30 PM-01:30 PM; Wed 12:30 PM-01:30 PM; Thu 12:30 PM-01:30 PM,Mon 11:00 AM-12:00 PM; Tue 11:00 AM-12:00 PM; Wed 11:00 AM-12:00 PM; Thu 11:00 AM-12:00 PM; Fri 11:00 AM-12:00 PM
XAVIER MISSION INC (SK),40.737812021159,-73.995505941098,,SK,(212) 627-2100,"55 W 15th St, New York, New York, 10011",NY,10011,,Open,SK,,Sun 12:45 PM-03:00 PM
CORONA SEVENTH DAY ADVENTIST CHURCH,40.753847440124,-73.864838189382,FP,SK,(718) 429-7050,"35-30 103rd St, Corona, New York, 11368",QN,11368,,Open,"FP,SK",Mon 09:00 AM-11:30 AM,Sun 12:00 PM-02:00 PM
FIRST PRESBYTERIAN CHURCH OF JAMAICA,40.705900648938,-73.796373044046,FP,SK,(718) 526-4775,"89-60 164th St, Jamaica, New York, 11432",QN,11432,,Open,"FP,SK",Tue 10:00 AM-12:00 PM; Sat 09:00 AM-11:00 AM,Wed 05:30 PM-06:30 PM
MACEDONIA AME CHURCH,40.69932647082,-73.793446083457,FP,SK,(718) 353-5870,"106-16 Guy R Brewer Blvd, Jamaica, New York, 11433",QN,11433,,Open,"FP,SK",Mon 12:00 PM-02:00 PM; Tue 12:00 PM-02:00 PM,Tue 09:00 AM-11:00 AM
RUSH TEMPLE A.M.E. CHURCH,40.6779620892731,-73.7914318283049,FP,SK,(718) 529-5719,"119-48 Sutphin Blvd, Jamaica, New York, 11436",QN,11436,,Open,"FP,SK",Tue 09:00 AM-10:00 AM,Wed 12:00 PM-01:30 PM
THE SALVATION ARMY JAMAICA CITADEL CORPS,40.827102382121,-73.924509963917,FP,SK,(718) 297-4860,"90 E 161st St, Bronx, NY, 10451, USA",BX,10451,,Open,"FP,SK",Tue 10:00 AM-12:00 PM; Thu 10:00 AM-12:00 PM,Mon 12:00 PM-01:00 PM; Tue 12:00 PM-01:00 PM; Wed 12:00 PM-01:00 PM
THE SALVATION ARMY QUEENS TEMPLE CORP,40.752344522976,-73.880645872038,FP,SK,(718) 335-3693,"86-07 35th Ave, Jackson Heights, New York, 11372",QN,11372,,Open,"FP,SK",Thu 10:00 AM-11:00 AM,Mon 11:30 AM-01:00 PM; Tue 11:30 AM-01:00 PM; Wed 11:30 AM-01:00 PM; Thu 11:30 AM-01:00 PM; Fri 11:30 AM-01:00 PM
STAPLETON U.A.M.E. CHURCH,40.623362581536,-74.078756176903,FP,SK,(718) 273-2857,"49 Tompkins Ave, Staten Island, New York, 10304",SI,10304,,Open,"FP,SK",Tue 10:00 AM-01:00 PM; Fri 10:00 AM-01:00 PM,Wed 12:00 PM-01:00 PM
THE SALVATION ARMY STAPLETON CORPS,40.625600766522,-74.075630229726,FP,SK,(718) 448-8480,"15 Broad St, Staten Island, NY, 10304, USA",SI,10304,,Open,"FP,SK",Tue 12:00 PM-01:30 PM; Wed 12:00 PM-01:30 PM; Thu 12:00 PM-01:30 PM,Mon 11:30 AM-01:00 PM; Fri 11:30 AM-01:00 PM
"PROJECT HOSPITALITY, INC. (SK)",40.62509574956499,-74.07981045268467,,SK,(718) 815-0800,"211 Canal St, Staten Island, NY, 10304, USA",SI,10304,,Open,SK,,
OUR LADY OF GRACE PARISH MINISTRY (FP),40.593452011511,-73.967335035078,FP,SKM,(718) 645-2120,"2322 E 4th St, Brooklyn, New York, 11223",BK,11223,,Open,"FP,SK",Mon 09:00 AM-01:00 PM; Wed 09:00 AM-01:00 PM,Wed 12:00 PM-12:30 PM
"UNITED BRONX PARENTS, INC. (FP & SK)",40.81396835894,-73.904070860662,FP,SKM,(718) 991-7100,"603 Prospect Ave, Bronx, New York, 10455",BX,10455,,Open,"FP,SK",Wed 10:00 AM-12:00 PM; Thu 10:00 AM-12:00 PM; Fri 10:00 AM-12:00 PM,Mon 02:30 PM-04:00 PM; Tue 02:30 PM-04:00 PM; Wed 02:30 PM-04:00 PM; Thu 02:30 PM-04:00 PM; Fri 02:30 PM-04:00 PM
THE COMMUNITY FOOD PANTRY,40.84172599522478,-73.92485730998445,FPH,,(718) 960-2262,"1363 Ogden Ave, Bronx, New York, 10452",BX,10452,,Open,FP,Tue 10:00 AM-01:00 PM; Thu 12:00 PM-03:00 PM; Sat 10:00 AM-12:00 PM,
BOOM! HEALTH (FPHA),40.822232077281,-73.910559711005,FPHA,,(718) 295-5960,"3144 3rd Ave, Bronx, New York, 10451",BX,10451,,Open,FP,Mon 11:00 AM-12:30 PM; Wed 11:00 AM-12:30 PM; Thu 11:00 AM-12:30 PM,
GAY MEN'S HEALTH CRISIS (FPHA),40.755081507729,-73.992226940576,FPHA,,(212) 367-1200,"307 W 38th St, New York, New York, 10018",NY,10018,,Open,FP,Tue 11:00 AM-02:00 PM; Wed 11:00 AM-02:00 PM; Thu 11:00 AM-02:00 PM,
BENSONHURST COUNCIL OF JEWISH ORGANIZATIONS,40.6026043792267,-73.9965048124997,FPK,,(718) 333-1834,"8635 21st Ave, Brooklyn, New York, 11214",BK,11214,,Open,FP,Tue 10:00 AM-04:00 PM,
BNAI RAPHAEL CHESED ORGANIZATION INC,40.619638711503,-73.937580787548,FPK,,(718) 951-2302,"3846 Flatlands Ave, Brooklyn, New York, 11234",BK,11234,,Open,FP,Mon 10:00 AM-03:30 PM; Tue 10:00 AM-03:30 PM; Wed 10:00 AM-03:30 PM; Thu 10:00 AM-05:00 PM,
CROWN HEIGHTS JEWISH COMMUNITY COUNCIL,40.664641191561,-73.934788188867,FPK,,(718) 771-9000,"899 Montgomery St, Brooklyn, NY, 11213, USA",BK,11213,,Open,FP,Wed 01:30 AM-03:00 PM,
HEBREW EDUCATIONAL SOCIETY,40.63239814743,-73.890778838606,FPK,,(718) 241-3000,"9502 Seaview Ave, Brooklyn, New York, 11236",BK,11236,,Open,FP,Mon 09:00 AM-02:00 PM; Tue 01:00 PM-06:00 PM; Wed 09:00 AM-02:00 PM; Thu 09:00 AM-02:00 PM,
JEWISH COMMUNITY COUNCIL OF CANARSIE   #1,40.651492751507,-73.885715749993,FPK,,(718) 922-2474,"1170 Pennsylvania Ave, Brooklyn, New York, 11239",BK,11239,,Open,FP,Wed 09:00 AM-11:00 AM,
INTERNATIONAL PENTECOSTAL CHURCH (FP),40.84841379004,-73.935390763886,FP,,(212) 568-3531,"619 W 179th St, New York, New York, 10033",NY,10033,,Open,FP,Tue 11:30 AM-03:30 PM; Fri 12:00 PM-03:00 PM,
ISAACS HOLMES FOOD PANTRY,40.781214102535,-73.945276799586,FP,,(212) 360-7620,"415 E 93rd St, New York, New York, 10128",NY,10128,,Open,FP,Wed 09:00 AM-11:00 AM,
LITTLE SISTERS OF THE ASSUMPTION FAMILY HEALTH SERVICE,40.795773091165245,-73.93666732773961,FP,,(646) 672-5200,"333 E 115th St, New York, New York, 10029",NY,10029,,Open,FP,"Wed 09:00 AM-11:30 AM, 01:00 PM-02:30 PM",
MACEDONIA CH. ASSEMBLY OF GOD-BREAD OF LIFE FOOD PANTRY,40.7898107500699,-73.9408762166001,FP,,(212) 410-3412,"340 E 106th St, New York, New York, 10029",NY,10029,,Open,FP,Fri 09:00 AM-10:30 AM,
MCCNY CHARITIES (FP),40.755448593178,-73.997442244551,FP,,(322) 400-7488,"446 W 36th St, New York, New York, 10018",NY,10018,,Open,FP,Thu 09:00 AM-11:00 AM,
MT. OLIVET BAPTIST CHURCH COMMUNITY MEAL PROGRAM,40.804826510514,-73.947964875935,FP,,(212) 864-1155,"201 Lenox Ave, New York, New York, 10027",NY,10027,,Open,FP,Tue 10:30 AM-11:30 AM; Wed 10:30 AM-11:30 AM,
NAZARETH HOUSING INC,40.723772961983,-73.983942518935,FP,,(212) 777-1010,"206 E 4th St, New York, NY, 10009, USA",NY,10009,,Open,FP,Tue 08:30 AM-10:00 AM,
OUR LADY OF SORROWS,40.719505693167,-73.982361775815,FP,,(646) 886-9854,"213 Stanton St, New York, New York, 10002",NY,10002,,Open,FP,Tue 08:00 AM-11:00 AM; Thu 08:00 AM-11:00 AM,
PROJECT CREATE - ANTHONY HOUSE,40.800592350215,-73.9510697843279,FP,,(212) 663-1596,"73 Lenox Ave, New York, NY, 10026, USA",NY,10026,,Open,FP,Wed 10:00 AM-12:00 PM,
RAUSCHENBUSCH METRO MINISTRIES INC. ,40.757317548039,-73.994265922343,FP,,(212) 594-4464,"410 W 40th St, New York, New York, 10018",NY,10018,,Open,FP,Sat 09:00 AM-11:30 AM,
ST. CECILIA'S PARISH SERVICES,40.7919273063503,-73.9473274321981,FP,,(212) 348-0488,"125 E 105th St, New York, New York, 10029",NY,10029,,Open,FP,Wed 09:00 AM-12:00 PM,
ST. CHARLES BORROMEO CHURCH,40.8195384269671,-73.9417043486339,FP,,(212) 281-2100,"211 W 141st St, New York, New York, 10030",NY,10030,,Open,FP,Sat 09:00 AM-11:30 AM,
ST. JOHN'S BREAD OF LIFE (FP),40.74891083443,-73.993213825856,FP,,(212) 564-9070,"213 W 30th St, New York, New York, 10001",NY,10001,,Open,FP,Wed 10:00 AM-01:00 PM,
ST. MARK THE EVANGELIST CHURCH,40.815886934668,-73.938845952013,FP,,(212) 281-4931,"67 W 138th St, New York, New York, 10037",NY,10037,,Open,FP,Sat 10:00 AM-12:00 PM,
THE SALVATION ARMY MANHATTAN CITADEL,40.803901145509,-73.9361381224144,FP,,(212) 860-3200,"175 E 125th St, New York, New York, 10035",NY,10035,,Open,FP,Mon 09:00 AM-03:00 PM; Tue 09:00 AM-03:00 PM; Wed 09:00 AM-03:00 PM; Thu 09:00 AM-03:00 PM; Fri 09:00 AM-03:00 PM,
THE SALVATION ARMY NEW YORK TEMPLE CORPS ,40.7378272762233,-73.9983262000598,FP,,(212) 337-7467,"120 W 14th St, New York, NY, 10011, USA",NY,10011,,Open,FP,Mon 09:30 AM-11:30 AM; Tue 09:30 AM-11:30 AM; Wed 09:30 AM-11:30 AM; Thu 09:30 AM-11:30 AM; Fri 09:30 AM-11:30 AM,
VISION URBANA,40.7173839401069,-73.9884646395168,FP,,(646) 626-9748,"64 Essex St, New York, NY, 10002, USA",NY,10002,,Open,FP,Tue 10:00 AM-12:00 PM,
"WORLDWIDE MISSIONARY MOVEMENT/CENTRO EVANGELISTICO MMM, INC (FP)",40.865131328285,-73.918899872303,FP,,(212) 567-5620,"148 Post Ave, New York, NY, 10034, USA",NY,10034,,Open,FP,Sat 10:00 AM-12:00 PM,
ZEINA LORRAINE INC,40.8142538046531,-73.9449449600396,FP,,(646) 355-3880,"203 W 133rd St, New York, New York, 10030",NY,10030,,Open,FP,Tue 11:00 AM-02:00 PM; Thu 11:00 AM-02:00 PM,
AGAPE CHRISTIAN CENTER,40.6992807894476,-73.8978069805996,FP,,(718) 635-0674,"59-02 Summerfield St, Ridgewood, New York, 11385",QN,11385,,Open,FP,Sat 10:00 AM-11:30 AM,
ALLEN OUTREACH MINISTRY FEEDING PROGRAM (80866),40.69491406935,-73.781491980786,FP,,(718) 526-3510,"110-31 Merrick Blvd, Jamaica, New York, 11433",QN,11433,,Open,FP,Mon 03:00 PM-05:00 PM; Thu 11:00 AM-01:00 PM,
BERACA SEVENTH DAY ADVENTIST CHURCH,40.7120303347297,-73.768177159954,FP,,(718) 740-1916,"91-19 191st St, Hollis, New York, 11423",QN,11423,,Open,FP,Wed 09:30 AM-12:00 PM,
BETHANY BAPTIST CHURCH OF JAMAICA,40.6903166792776,-73.7916654319464,FP,,(718) 659-6099,"157-11 111th Ave, Jamaica, New York, 11433",QN,11433,,Open,FP,Tue 11:00 AM-02:00 PM; Wed 11:00 AM-02:00 PM,
BETHEL AME CHURCH/BETHEL ARVERNE COMM.,40.588830355829,-73.804509776553,FP,,(516) 503-9715,"215 Beach 77th St, Arverne, New York, 11692",QN,11692,,Open,FP,Thu 11:00 AM-01:00 PM,
BLANCHE MEMORIAL CHURCH,40.690065347911,-73.797055079507,FP,,(718) 658-2458,"109-74 Sutphin Blvd, Jamaica, New York, 11435",QN,11435,,Open,FP,Tue 09:00 AM-10:00 AM,
"CHRIST APOSTOLIC CHURCH OF AMERICA, INC (FP)",40.692895120332,-73.799471330736,FP,,(718) 658-8981,"108-02 Sutphin Blvd, Jamaica, New York, 11435",QN,11435,,Open,FP,Sat 09:00 AM-01:00 PM,
CHRIST CHURCH INTERNATIONAL JOSEPH'S HOUSE,40.6828197793489,-73.7697998964087,FP,,(718) 276-2799,"122-20 Merrill St, Jamaica, New York, 11434",QN,11434,,Open,FP,Sat 10:00 AM-12:00 PM,
COMMUNITY ALLIANCE INITIATIVE,40.7008576349825,-73.8952422020469,FP,,(718) 305-4888,"60-85 Myrtle Ave, Ridgewood, New York, 11385",QN,11385,,Open,FP,Fri 10:00 AM-12:00 PM,
CORPUS CHRISTI FOOD PANTRY,40.756493104043,-73.901848566673,FP,,(718) 721-2774,"31-30 61st St, Woodside, New York, 11377",QN,11377,,Open,FP,Wed 09:00 AM-10:30 AM,
ELMCOR YOUTH & ADULT ACTIVITIES #2 (FP),40.757254767584,-73.861095082881,FP,,(718) 651-0096,"33-16 108th St, Corona, New York, 11368",QN,11368,,Open,FP,Wed 10:00 AM-03:00 PM,
"FIRST CHURCH OF GOD IN CHRIST, INC. (FP)",40.690313242697,-73.763010722475,FP,,(718) 712-4831,"187-10 Baisley Blvd, Saint Albans, New York, 11412",QN,11412,,Open,FP,Wed 12:00 PM-03:00 PM,
FIRST UNITED METHODIST CHURCH OF JAMAICA (FP),40.709765376854,-73.800760970358,FP,,(718) 739-2269,"162-10 Highland Ave, Jamaica, New York, 11432",QN,11432,,Open,FP,Mon 08:30 AM-09:30 AM,
FOREST HILLS SENIORS CENTER,40.736169335775,-73.850150748086,FP,,(929) 349-9740,"108-25 62nd Dr, Forest Hills, New York, 11375",QN,11375,,Open,FP,Thu 08:30 AM-10:30 AM,
GOSPEL ASSEMBLY - QUEENS,40.703583387986,-73.766861033517,FP,,(718) 454-0192,"109-14 Farmers Blvd, Saint Albans, New York, 11412",QN,11412,,Open,FP,Wed 10:00 AM-12:00 PM; Thu 10:00 AM-12:00 PM; Fri 10:00 AM-12:00 PM; Sat 10:00 AM-12:00 PM,
HOLLIS COMMUNITY CHRISTIAN CENTER,40.7127329896729,-73.7678960309214,FP,,(347) 626-7996,"191-22 Jamaica Ave, Hollis, New York, 11423",QN,11423,,Open,FP,Sat 10:00 AM-12:00 PM,
"HOLY TEMPLE CHURCH, INC",40.677109859268,-73.755086638851,FP,,(718) 276-2900,"136-25 Springfield Blvd, Springfield Gardens, New York, 11413",QN,11413,,Open,FP,Sat 11:00 AM-12:00 PM,
ICNA FLUSHING FOOD PANTRY,40.7542206185064,-73.8221654353284,FP,,(929) 329-7986,"140-32 Cherry Ave, Flushing, New York, 11355",QN,11355,,Open,FP,Wed 12:00 PM-02:00 PM,
ICNA RELIEF USA,40.704513779238,-73.811671777541,FP,,(718) 658-7028,"87-91 144th St, Jamaica, New York, 11435",QN,11435,,Open,FP,Thu 11:00 AM-01:00 PM,
J.U.S.T.I.C.E. ORGANIZATION/JESUS IS JUSTICE MISSION INC.,40.595606537813,-73.761348926351,FP,,(718) 772-7951,"223 Beach 28th St, Far Rockaway, New York, 11691",QN,11691,,Open,FP,Wed 12:00 PM-02:00 PM,
JAMAICA HISPANIC SEVENTH DAY ADVENTIST CHURCH,40.707357549437944,-73.80077957818321,FP,,(718) 736-5291,"88-28 161st St, Jamaica, New York, 11432",QN,11432,,Open,FP,Sun 08:00 AM-09:00 AM,
JAMAICA QUEENS WESLEYAN CHURCH PANTRY,40.6753124439508,-73.742797427691,FP,,(718) 712-0335,"134-49 228th St, Laurelton, NY, 11413, USA",QN,11413,,Open,FP,Sat 12:00 PM-01:30 PM,
JAMAICA SEVENTH DAY ADVENTIST CHURCH (FP),40.707890931847,-73.798958609718,FP,,(718) 658-9784,"88-28 163rd St, Jamaica, New York, 11432",QN,11432,,Open,FP,Sun 09:30 AM-11:30 AM,
JESUS IS THE ANSWER - J.I.T.A. COMMUNITY OUTREACH (FP),40.713893883263,-73.754630830956,FP,,(718) 908-6303,"205-11 Jamaica Ave, Hollis, NY, 11423, USA",QN,11423,,Open,FP,Tue 12:00 PM-01:00 PM,
LEVITICUS CHURCH (FP),40.682375831847,-73.806131423361,FP,,(718) 322-1095,"114-12 Van Wyck Expy, South Ozone Park, New York, 11420",QN,11420,,Open,FP,Wed 01:00 PM-02:00 PM; Sat 12:00 PM-01:00 PM,
LINDEN SEVENTH DAY ADVENTIST CHURCH COMMUNITY SERVICES (FP),40.673140776657,-73.743827479772,FP,,(718) 527-4072,"228-20 137th Ave, Springfield Gardens, New York, 11413",QN,11413,,Open,FP,Sun 10:00 AM-12:00 PM,
MAJORITY COMMUNITY OUTREACH,40.69545812434962,-73.7615810687825,FP,,(718) 528-6690,"115-21 Farmers Blvd, Saint Albans, New York, 11412",QN,11412,,Open,FP,Thu 09:00 AM-11:00 AM,
MAKE THE ROAD NEW YORK        (QN),40.748514873324,-73.874423817673,FP,,(718) 565-8500,"92-10 Roosevelt Ave, Jackson Heights, NY, 11372, USA",QN,11373,,Open,FP,Wed 08:00 AM-10:00 AM,
MINISTRY TOOLS INC,40.6766449,-73.776844,FP,,(718) 529-0005,"170-20 140th Ave, Jamaica, New York, 11434",QN,11434,,Open,FP,Thu 04:00 PM-06:00 PM,
MORE THAN CONQUERORS GLOBAL MINISTRIES INC,40.66918313534427,-73.78250049137627,FP,,(718) 528-3334,"153-56 Rockaway Blvd, Jamaica, New York, 11434",QN,11434,,Open,FP,Sat 02:00 PM-04:00 PM,
MOUNT SINAI SEVENTH DAY ADVENTIST CHURCH,40.72109381224961,-73.74005070200047,FP,,(718) 465-1784,"217-10 93rd Ave, Queens Village, New York, 11428",QN,11428,,Open,FP,Wed 05:00 PM-07:00 PM,
NATIONAL SORORITY OF PHI DELTA KAPPA,40.6867022349903,-73.7746964366057,FP,,(718) 723-1119,"117-08 Merrick Blvd, Jamaica, New York, 11434",QN,11434,,Open,FP,Thu 11:00 AM-01:00 PM,
NORTHEAST CONFERENCE COMMUNITY CENTER SDA,40.757447928543,-73.86895990645,FP,,(347) 527-2444,"99-13 Northern Blvd, East Elmhurst, New York, 11369",QN,11369,,Open,FP,Tue 11:00 AM-01:00 PM; Wed 03:00 PM-06:00 PM,
ONE WAY CHURCH OF CHRIST,40.6801782225632,-73.7523253046685,FP,,(718) 525-4260,"216-11 Merrick Blvd, Springfield Gardens, New York, 11413",QN,11413,,Open,FP,Sat 11:00 AM-01:00 PM,
QUEENSBORO TEMPLE SEVENTH DAY ADVENTIST CHURCH,40.71813283936383,-73.7317494969437,FP,,(718) 776-8538,"96-50 222nd St, Queens Village, New York, 11429",QN,11429,,Open,FP,Wed 01:00 PM-04:00 PM,
SECOND CHANCE AGAPE WORSHIP CENTER,40.7060513555566,-73.7571810249971,FP,,(917) 416-3697,"200-12 Hollis Ave, Saint Albans, New York, 11412",QN,11412,,Open,FP,Thu 12:00 PM-02:00 PM,
SINGH FAMILY CHARITY INC (85556),40.676953033859,-73.790635547503,FP,,(718) 480-6700,"121-13 Sutphin Blvd, Jamaica, New York, 11434",QN,11434,,Open,FP,Sat 08:00 AM-10:00 AM,
SOLID ROCK SEVENTH DAY ADVENTIST CHURCH (FP),40.593483988472,-73.780484978939,FP,,(718) 474-9306,"52-05 Rockaway Beach Blvd, Far Rockaway, New York, 11691",QN,11691,,Open,FP,Wed 02:30 PM-05:30 PM,
SOUTH ASIAN COUNCIL FOR SOCIAL SERVICES,40.753835873098,-73.818216283721,FP,,(718) 321-7929,"143-02 45th Ave, Flushing, New York, 11355",QN,11355,,Open,FP,Wed 09:30 AM-01:00 PM; Thu 09:30 AM-01:00 PM,
SOUTH OZONE PARK SEVENTH DAY ADVENTIST CHURCH,40.675624083110876,-73.80110655622609,FP,,(718) 322-9210,"120-12 140th St, Jamaica, New York, 11436",QN,11436,,Open,FP,Wed 12:00 PM-02:00 PM,
ST. MARK AME CHURCH/THE VOICE OF HAGAR,40.756756044345,-73.872420794271,FP,,(718) 205-0506,"95-18 Northern Blvd, Jackson Heights, New York, 11372",QN,11372,,Open,FP,Tue 10:00 AM-12:30 PM,
ST. MARY STAR OF THE SEA,40.60068898862261,-73.75262990302994,FP,,(718) 327-1133,"19-20 New Haven Ave, Far Rockaway, NY, 11691, USA",QN,11691,,Open,FP,Tue 01:00 PM-03:00 PM,
ST. NICHOLAS OF TOLENTINE CHURCH- F.P.,40.7184254753955,-73.809608488255,FP,,(718) 969-3226,"150-75 Goethals Ave, Jamaica, New York, 11432",QN,11432,,Open,FP,Thu 09:00 AM-12:00 PM,
ST. TERESA OF AVILA COMMUNITY SERVICES,40.684362104919,-73.81320696364,FP,,(718) 529-3587,"109-24 130th St, South Ozone Park, NY, 11420, USA",QN,11420,,Open,FP,Mon 09:00 AM-10:30 AM; Thu 09:00 AM-10:30 AM,
TABERNACLE OF PRAYER,40.706839296365,-73.794500023962,FP,,(718) 657-4210,"90-07 Merrick Blvd, Jamaica, New York, 11432",QN,11432,,Open,FP,Wed 10:00 AM-11:30 AM,
TAURUS ASSOCIATES INC.,40.6719841997474,-73.7343242455899,FP,,(718) 526-2177,"240-08 135th Ave, Rosedale, NY, 11422, USA",QN,11422,,Open,FP,Wed 03:00 PM-05:00 PM,
THE SALVATION ARMY ASTORIA CORPS,40.7567003885083,-73.9144419570986,FP,,(718) 721-9046,"45-18 Broadway, Astoria, New York, 11103",QN,11103,,Open,FP,Tue 10:00 AM-02:00 PM; Thu 10:00 AM-02:00 PM,
UNION UNITED FOOD PANTRY (FP),40.67237613754,-73.788664207695,FP,,(718) 529-3691,"126-22 150th St, Jamaica, New York, 11436",QN,11436,,Open,FP,Fri 12:00 PM-03:00 PM,
V.E.T.S. INC,40.694836494836,-73.779416956836,FP,,(718) 206-2376,"111-16 173rd St, Jamaica, New York, 11433",QN,11433,,Open,FP,Fri 10:00 AM-12:00 PM,
"VETS INC, HOLLIS GARDENS",40.7063096858125,-73.7549966172106,FP,,(646) 261-1973,"202-14 Hollis Ave, Saint Albans, New York, 11412",QN,11412,,Open,FP,Thu 03:00 PM-05:00 PM,
VFW #5298,40.66809223064598,-73.75665849715315,FP,,(516) 582-5426,"143-17 Springfield Blvd, Springfield Gardens, New York, 11413",QN,11413,,Open,FP,Wed 02:00 PM-05:00 PM,
WE CARE PANTRY (FP),40.70616446934,-73.755991632937,FP,,(718) 774-7041,"201-14 Hollis Ave, Saint Albans, New York, 11412",QN,11412,,Open,FP,Sat 10:00 AM-12:00 PM,
CALVARY ASSEMBLY OF GOD,40.539694465948,-74.160540334024,FP,,(718) 356-4555,"4055 Richmond Ave, Staten Island, New York, 10312",SI,10312,,Open,FP,Thu 09:30 AM-12:00 PM,
CHRIST ABUNDANT LIFE MINISTRIES,40.636459891981,-74.16495047238,FP,,(718) 273-0372,"121 Grandview Ave, Staten Island, New York, 10303",SI,10303,,Open,FP,Thu 05:30 PM-06:30 PM,
CHRISTIAN PENTECOSTAL CHURCH (FP),40.604892513065,-74.092353216415,FP,,(718) 273-5850,"900 Richmond Rd, Staten Island, New York, 10304",SI,10304,,Open,FP,Tue 01:00 PM-04:00 PM,
FEEDING WITH TLC INC,40.6303035098269,-74.0811803909397,FP,,(718) 447-0526,"309 St Pauls Ave, Staten Island, New York, 10304",SI,10304,,Open,FP,Sat 10:30 AM-12:30 PM,
OUR LADY OF GOOD COUNSEL CHURCH (STATEN ISLAND),40.631313361521,-74.086033261421,FP,,(718) 447-1503,"42 Austin Pl, Staten Island, New York, 10304",SI,10304,,Open,FP,Sat 09:30 AM-11:00 AM,
SKYLIGHT CENTER,40.6425731073332,-74.0782850301258,FP,,(718) 720-2585,"307 St Marks Pl, Staten Island, New York, 10301",SI,10301,,Open,FP,Tue 02:00 PM-03:00 PM,
ST. EDWARD FOOD PANTRY,40.511892196029,-74.222442952088,FP,,(718) 984-1625,"6581 Hylan Blvd, Staten Island, New York, 10309",SI,10309,,Open,FP,Fri 10:00 AM-01:00 PM,
"UNITED CHURCH OF PRAISE INTERNATIONAL MINISTRIES, INC",40.614535892668,-74.085750120732,FP,,(718) 314-8779,"487 Vanderbilt Ave, Staten Island, NY, 10304, USA",SI,10304,,Open,FP,Fri 01:00 PM-03:00 PM; Sun 01:00 PM-03:00 PM,
EVANGELICAL CRUSADE FOOD PANTRY (FP),40.637301728426,-73.947014116657,FP,,(718) 434-7250,"557 E 31st St, Brooklyn, New York, 11210",BK,11210,,Open,FP,Wed 02:00 PM-04:00 PM,
"WEST HARLEM GROUP ASSISTANCE, INC",40.818223012992,-73.938188391709,FPM,,"(212) 832-1399,2723","625 Lenox Ave, New York, New York, 10030",NY,10030,,Open,FP,Mon 10:00 AM-02:00 PM; Tue 10:00 AM-02:00 PM; Wed 10:00 AM-02:00 PM; Thu 10:00 AM-02:00 PM,
COMMUNITY HEALTH ACTION OF STATEN ISLAND,40.640213769227,-74.134309000398,FPM,,(718) 808-1477,"2134 Richmond Ter, Staten Island, New York, 10302",SI,10302,,Open,FP,Mon 02:30 PM-04:30 PM; Tue 02:30 PM-04:30 PM; Wed 02:30 PM-04:30 PM; Fri 02:30 PM-04:30 PM,
ACTS COMMUNITY DEVELOPMENT CORPORATION (FP),40.576109309018,-73.988429519342,FP,,(718) 415-1170,"2114 Mermaid Ave, Brooklyn, New York, 11224",BK,11224,,Open,FP,Tue 06:00 PM-07:15 PM; Thu 11:00 AM-02:15 PM,
BETHEL SEVENTH-DAY ADVENTIST CHURCH,40.681607169417,-73.961307776143,FP,SK,(917) 509-8412,"457 Grand Ave, Brooklyn, New York, 11238",BK,11238,,Open,"FP,SK",Wed 03:00 PM-05:00 PM,Sun 01:00 PM-02:00 PM
CHRISTIAN FELLOWSHIP SEVENTH DAY ADVENTIST COMMUNITY SVCS,40.654382538355,-73.933429063267,FP,SK,(718) 916-0956,"777 Schenectady Ave, Brooklyn, New York, 11203",BK,11203,,Open,"FP,SK",Wed 10:30 AM-12:30 PM,Mon 05:00 PM-06:00 PM; Tue 05:00 PM-06:00 PM; Wed 05:00 PM-06:00 PM
CORNERSTONE SEVENTH DAY ADVENTIST CHURCH (FP) (SK),40.674529238918,-73.896743233268,FP,SK,(917) 915-6769,"138 Pennsylvania Ave, Brooklyn, NY, 11207, USA",BK,11207,,Open,"FP,SK",Thu 10:00 AM-12:00 PM,Sun 11:30 AM-01:00 PM
THE OZONE PARK PANTRY (FP),40.683697322702,-73.857164473206,FP,,(646) 851-0885,"83-10 Rockaway Blvd, Ozone Park, New York, 11416",QN,11416,,Open,FP,Sat 10:30 AM-01:00 PM,
CHURCH OF GOD OF BRONXWOOD AVENUE,40.87237635202351,-73.85644195315263,FP,,(718) 652-0337,"3232 LURTING AVENUE, BX 10469",BX,10469,,Open,FP,Wed 10:00 AM-02:00 PM; Sat 10:00 AM-02:00 PM,
COLLECTIVE FOCUS FOOD JUSTICE PANTRY PROGRAM,40.695197126221,-73.932346791929,FP,,(724) 584-8501,"1046 Broadway, Brooklyn, NY, 11221, USA",BK,11221,,Open,FP,Tue 01:00 PM-03:00 PM,
FIRST BAPTIST CHURCH OF CORONA (FP),40.761622074415,-73.868736780187,FP,,(718) 446-0200,"100-10 Astoria Blvd, East Elmhurst, NY, 11369, USA",QN,11369,,Open,FP,Sat 12:00 PM-03:00 PM,
GOSHEN TEMPLE OF SEVENTH DAY ADVENTIST CHURCH (FP),40.650439900649,-73.955156884135,FP,,(917) 847-5528,"2414 Church Ave, Brooklyn, NY, 11226, USA",BK,11226,,Open,FP,Wed 01:00 PM-03:00 PM,
CATHEDRAL COMMUNITY CARES,40.80411681477173,-73.96257847266392,FP,,(347) 376-2898,"1047 Amsterdam Ave, New York, NY, 10025, USA",NY,10025,,Open,FP,Thu 12:00 PM-06:00 PM,
HOPE EMPOWERMENT AND DEVELOPMENT ZONE INC,40.6617543383789,-73.893592727321,FP,,(718) 568-7072,"369 New Lots Ave, Brooklyn, NY, 11207, USA",BK,11207,,Open,FP,Sat 12:00 PM-04:00 PM,
ICL AND CHN FOOD PANTRY,40.676002693677,-73.899179684883,FP,,(718) 495-6700,"2581 Atlantic Ave, Brooklyn, NY, 11207, USA",BK,11207,,Open,FP,Wed 01:00 PM-04:00 PM,
MANHATTAN DOWNTOWN MULTI-CULTURAL FOOD PANTY,40.72091909159,-73.989184309723,FP,,(347) 248-9726,"160 Allen St, New York, NY, 10002, USA",NY,10002,SUITE #20,Open,FP,Thu 08:30 AM-10:30 AM,
MUNA SOCIAL SERVICE AN-NAMIRAH (FPH),40.672360463381,-73.893611418965,FP,,(212) 920-6202,"2135 Pitkin Ave, Brooklyn, NY, 11207, USA",BK,11207,,Open,FP,Mon 02:00 PM-03:00 PM,
MUNA SOCIAL SERVICES BAITUL ISLAM MASJID (FPH),40.855621640038,-73.907041658604,FP,,(212) 920-6202,2107 DAVIDSON AVENUE,BX,10453,,Open,FP,Thu 02:00 PM-03:00 PM,
MUNA SOCIAL SERVICES BAITUN NOOR MASJID (FPH),40.680094822627,-73.84992276032,FP,,(212) 920-6202,"88-19 Liberty Ave, Ozone Park, NY, 11417, USA",QN,11417,,Open,FP,Thu 04:00 PM-05:00 PM,
MUNA SOCIAL SERVICE BROOKLYN ISLAMIC CENTER (FPH),40.645547383765,-73.972471549163,FP,,(212) 920-6202,"722 Church Ave, Brooklyn, NY, 11218, USA",BK,11218,,Open,FP,Mon 03:00 PM-04:00 PM,
MUNA SOCIAL SERVICES DOWNTOWN BROOKLYN (FPH),40.678597353715,-73.947060049487,FP,,(212) 920-6202,"50 New York Ave, Brooklyn, NY, 11216, USA",BK,11216,,Open,FP,Mon 04:00 PM-05:00 PM,
MUNA SOCIAL SERVICES EAST FLATBUSH (FPH),40.65189156246,-73.937045435392,FP,,(212) 920-6202,"167 EAST 43rd St, Brooklyn, NY, 11203, USA",BK,11203,,Open,FP,Mon 05:00 PM-06:00 PM,
MUNA SOCIAL SERVICES MASJID AR-RAYYAN (FPH),40.718758823685,-73.766691635254,FP,,(212) 920-6202,"196-43 Foothill Ave, Hollis, NY, 11423, USA",QN,11423,,Open,FP,Wed 02:00 PM-03:00 PM,
MUNA SOCIAL SERVICES PARKCHESTER ISLAMIC CENTER (FPH),40.83534979766,-73.86213921656,FP,,(212) 920-6202,"1375 Virginia Ave, Bronx, NY, 10462, USA",BX,10462,,Open,FP,Thu 04:00 PM-05:00 PM,
MUNA SOCIAL SERVICE SOUTH JAMAICA (FPH),40.697354879555,-73.789081123559,FP,,(212) 920-6202,"164-38 108th Ave, Jamaica, NY, 11453, USA",QN,11433,,Open,FP,Wed 04:00 PM-05:00 PM,
PAYO MOBILE FOOD PANTRY,40.61000924585852,-73.97475184592174,FPM,,(718) 713-2000,"2483 65th St, Brooklyn, NY, 11204, USA",BK,11204,,Open,FP,Fri 01:30 PM-02:30 PM,
REACH OUT AND TOUCH FOOD PANTRY,40.635894071607,-74.130501856157,FP,,(718) 442-5007,"51 Cottage Pl, Staten Island, NY, 10302, USA",SI,10302,,Open,FP,Sat 12:00 PM-01:00 PM,
RED HOOK COMMUNITY - REDEMPTION CHURCH (FP),40.677651791218,-74.005114787261,FP,,(347) 526-2728,"27 HUNGTINGTON STREET, BROOKLYN, NY 11231 ",BK,11231,,Open,FP,Thu 10:00 AM-12:00 PM,
THE KINGSBRIDGE HEIGHTS COMMUNITY CENTER INC (FP),40.87698434767,-73.901091341856,FP,,(718) 884-0700,"3067 Kingsbridge Ter, Bronx, NY, 10463, USA",BX,10463,,Open,FP,Tue 11:00 AM-02:30 PM; Thu 11:00 AM-02:30 PM,
THE LOWER EASTSIDE GIRLS CLUB (FP),40.640136194713,-73.971194817671,FP,,(212) 982-1633,402 EAST 8TH STREET,BK,11218,,Open,FP,Wed 09:00 AM-02:30 PM,
WE CREATE COMMUNITY FOOD PANTRY (FP),40.607235925555,-74.001487183385,FP,,(347) 409-5414,"8501 NEW UTRECHT AVENUE, B",BK,11214,,Open,FP,Thu 10:30 AM-11:30 AM,
WOODBINE (FP),40.706437258379,-73.90809987388,FP,,(646) 824-6064,"585 Woodward Ave, Ridgewood, NY, 11385, USA",QN,11385,,Open,FP,Mon 09:30 AM-10:00 AM; Wed 09:30 AM-10:00 AM,
YESHUA WORLDWIDE MINISTRIES FOOD PANTRY (FP),40.725685670378,-73.88025443716,FP,,(347) 507-1689,"79-11 Caldwell Ave, Middle Village, NY, 11379, USA",QN,11379,,Open,FP,Thu 10:00 AM-01:00 PM; Sat 10:00 AM-01:00 PM,
ZION TABERNACLE F.B.H. CHURCH,40.68115764794925,-73.83527454633045,FP,,(718) 717-9993,105-01 107 AV,QN,11417,,Open,FP,Tue 01:00 PM-03:00 PM,
ADMIRABLE CHRIST MINISTRIES FOOD PANTRY,40.839724732023,-73.851349276421,FP,,(570) 856-7065,"2361 Maclay Ave, Bronx, NY, 10462, USA",BX,10462,,Open,FP,Sat 02:00 PM-03:30 PM,
CITY OF REFUGE FP,40.670630480475,-73.876699169109,FP,,(929) 289-2267,"1115 Blake Ave, Brooklyn, NY, 11208, USA",BK,11208,,Open,FP,Wed 09:30 AM-12:00 PM,
COMMUNITY CHURCH OF CHRIST FOOD PANTRY,40.69797882842738,-73.78757673957737,FP,,(718) 523-2612,"167-04 108th Ave, Jamaica, NY, 11433, USA",QN,11433,,Open,FP,Wed 01:00 PM-03:00 PM,
FLATBUSH COMMUNITY FUND ,40.624301228963,-73.938892387757,FP,,(718) 850-3545,"1860 Flatbush Ave, Brooklyn, NY, 11210, USA",BK,11210,,Open,FP,Tue 12:00 PM-03:00 PM; Wed 12:00 PM-03:00 PM,
GRACE & PEACE FOOD BANK,40.813054480037,-73.85426416707,FP,,(718) 924-8839,"525 Compton Ave, Bronx, NY, 10473, USA",BX,10473,,Open,FP,Sat 09:00 AM-12:00 PM,
HOPE RESTORATION MINISTRIES,40.714219729749,-73.735422945458,FP,,(516) 689-7022,"101-01 Springfield Blvd, Queens Village, NY, 11429, USA",QN,11429,,Open,FP,Sat 02:00 PM-04:00 PM,
RCA CAMBRIA HEIGHTS COMMUNITY CHURCH FP,40.696438444171,-73.739669133788,FP,,(718) 528-2138,"116-12 220th St, Cambria Heights, NY, 11411, USA",QN,11411,,Open,FP,Sat 09:00 AM-11:00 AM,
SHOUT FOR JOY BAPTIST CHURCH INC,40.814702613658596,-73.8562856306584,FP,,(347) 400-0409,"456 White Plains Rd, Bronx, NY, 10473, USA",BX,10473,,Open,FP,Sat 08:00 AM-09:30 AM,
WORSHIP CHRISTIAN CENTER INC (FP),40.699057453637,-73.76300250821,FP,,(631) 482-0758,"113-16 Farmers Blvd, Saint Albans, NY, 11412, USA",QN,11412,,Open,FP,Fri 10:00 AM-01:00 PM; Sat 10:00 AM-01:00 PM,
BROOKLYN FAITH SEVENTH DAY ADVENTIST CHURCH,40.652373521893,-73.924916821497,FP,,(718) 342-6712,"5518 Church Ave, Brooklyn, NY, 11203, USA",BK,11203,,Open,FP,Thu 01:00 PM-04:00 PM,
"ELITE LEARNERS, INC (FP)",40.642011645549,-73.933537692732,FP,,(347) 221-0188,"4517 Avenue D, Brooklyn, NY, 11203, USA",BK,11203,,Open,FP,Thu 10:00 AM-12:00 PM,
PEOPLES BAPTIST CHURCH,40.66052119278373,-73.91285693920815,FP,,(718) 676-0318,"105 Riverdale Ave, Brooklyn, NY, 11212, USA",BK,11212,,Open,FP,Sat 12:00 PM-02:00 PM,
ST. ATHANASIUS R.C. CHURCH FP,40.61653065989563,-73.9799528168421,FP,,(718) 236-0124,2154 61st street ,BK,11204,,Open,FP,Mon 03:15 PM-05:00 PM,
BAIT-UL JAMAAT-HOUSE COMMUNITY INC (FP),40.633096443784,-74.117032975944,FP,,(347) 289-7991,"332 Broadway, Staten Island, NY, 10310, USA",SI,10310,,Open,FP,Thu 12:00 PM-02:00 PM,
"IN THE BEGINNING OUTREACH, INC",40.703386469336,-73.767153230865,FP,,(516) 303-5202,"189-13 Liberty Ave, St Albans, NY, 11412, USA",QN,11412,,Open,FP,Wed 12:30 PM-02:00 PM,
MOUNT MORIAH SEVENTH DAY ADVENTIST CHURCH FP,40.698174001043,-73.897632720833,FP,,(347) 217-4988,1834 DECATUR STREE,QN,11385,,Open,FP,Sat 08:30 AM-09:30 AM,
THE SALVATION ARMY NEW YORK TEMPLE,40.73782727622327,-73.99832620005976,,SK,(212) 337-7469,"120 WEST 14TH STREET, NEW ",NY,10011,,Open,SK,,Mon 12:00 PM-01:00 PM; Tue 12:00 PM-01:00 PM; Wed 12:00 PM-01:00 PM; Thu 12:00 PM-01:00 PM
LOVE WINS FOOD PANTRY - MERCADITO SOLIDARIO,40.747979143983,-73.882909907905,FP,,(347) 735-6989,"3763 83RD STREET, JACKSON HEIGHTS ",QN,11372,SUITE #1B,Open,FP,Fri 01:00 PM-05:00 PM,
LOVE WINS@CORSI HOUSE NEIGHBORHOOD SENIOR CENTER (FP),40.79693964254,-73.937169739016,FP,,,"307 E 116th St, New York, NY, 10029, USA",NY,10029,,Open,FP,Thu 12:00 PM-01:00 PM,
ICNA RELIEEF QUBA PANTRY,40.63409660694297,-73.96410999848999,FP,,(212) 463-3227,"634 Rugby Rd, Brooklyn, NY, 11230, USA",BK,11230,,Open,FP,Tue 01:00 PM-03:00 PM,
"JESUS RECONCILIATION MINISTRIES, INC",40.88915214449594,-73.85649484296167,FP,,(718) 844-8704,"4051 Barnes Ave, Bronx, NY, 10466, USA",BX,10466,,Open,FP,Sat 12:00 PM-02:00 PM,
ST. JAMES PLACE (FP),40.864004297584,-73.899625434493,FP,,(718) 367-0655,"2500 Jerome Ave, Bronx, NY, 10468, USA",BX,10468,,Open,FP,Sat 09:30 AM-10:30 AM,
CHURCH OF GOD PROPHECY (SK),40.659009223179,-73.89509476437,,SK,(718) 649-5533,"71 Malta St, Brooklyn, NY, 11207, USA",BK,11207,,Open,SK,,Tue 03:30 PM-06:00 PM
CHURCH OF GOD PROPHECY (FP),40.659009223179,-73.89509476437,FP,,(718) 649-5533,"71 Malta St, Brooklyn, NY, 11207, USA",BK,11207,,Open,FP,Tue 03:30 PM-06:00 PM,
FAITH ASSEMBLY COMMUNITY OUTREACH,40.690510929883686,-73.8245309581163,FP,,(718) 849-5277,"120-13 101st Ave, South Richmond Hill, NY, 11419, USA",QN,11419,,Open,FP,Sat 10:00 AM-12:00 PM,
ICNA RELIEF BURKE AVENUE BRONX PANTRY,40.871571144494965,-73.84958044339417,FP,,(214) 463-3227,"1277-D Burke Ave, Bronx, NY, 10469, USA  ",BX,10469,,Open,FP,Sat 09:00 AM-11:00 AM,
LOVE WINS NYC at PSS,40.837260494399,-73.925821815583,FP,,(718) 588-3004,"1181 Nelson Ave, Bronx, NY, 10452, USA",BX,10452,2ND FLOOR,Open,FP,Fri 12:00 PM-01:00 PM,
LOVE WINS FOOD PANTRY @ BCPC,40.693511599011,-73.978098982884,FP,,(646) 518-9744,"271 Myrtle Ave, Brooklyn, NY, 11201, USA",BK,11201,STONEWALL HOUSE,Open,FP,Thu 01:30 PM-02:30 PM,
ST. ANN'S CORNER OF HARM REDUCTION,40.820597019429,-73.899470536923,,SK,(718) 585-5544,"886 Westchester Ave, Bronx, NY, 10459, USA",BX,10459,,Open,SK,,Mon 06:00 AM-12:00 PM; Tue 06:00 AM-12:00 PM; Wed 06:00 AM-12:00 PM; Thu 06:00 AM-12:00 PM; Fri 06:00 AM-12:00 PM
ST. SIMON STOCK FOOD PANTRY (FP),40.855189930115,-73.899024619674,FP,,(718) 367-1251,"2195 Valentine Ave, Bronx, NY, 10457, USA",BX,10457,,Open,FP,Fri 09:00 AM-10:00 AM,
VINEGAR HILL FOOD PANTRY,40.700687021343356,-73.98139307926473,FP,,(908) 403-5755,"228 York St, Brooklyn, NY, 11201, USA",BK,11201,,Open,FP,Tue 12:00 PM-01:00 PM,
HOUSE OF DAVID WORSHIP CENTER,40.663153739024,-73.886325030535,FP,,(718) 649-5982,"747 Hendrix St, Brooklyn, NY, 11207, USA",BK,11207,,Open,FP,Wed 10:30 AM-12:30 PM,
BETTER COMMUNITY FOOD PANTRY (FP),40.671668621093,-73.925425854477,FP,,(347) 240-9352,"218 Buffalo Ave, Brooklyn, NY, 11213, USA",BK,11213,,Open,FP,Sat 09:00 AM-01:00 PM,
CHAMBERS MEMORIAL BAPTIST CHURCH/LOVE OFFERING,40.802163035051,-73.935932486288,FP,,(347) 600-9820,"219 E 123rd St, New York, NY, 10035, USA",NY,10035,,Open,FP,Wed 09:00 AM-11:00 AM,
HOLY CHILD JESUS FOOD PANTRY,40.69888231377064,-73.83686735939088,FP,,(718) 847-1860,"112-06 86th Ave, Richmond Hill, NY, 11418, USA",QN,11418,,Open,FP,Mon 10:00 AM-12:00 PM; Thu 10:00 AM-12:00 PM,
MASJID MASJID OMAR ABDEL AZIZ,40.707457671271,-73.80047078887,FPH,,(718) 541-8485,"88-29 161st St, Jamaica, NY, 11432, USA",QN,11432,,Open,FP,Wed 02:00 PM-04:00 PM,
CHABAD - OCEANVIEW JEWISH CENTER (FPK),40.576641895145,-73.963311889192,FPK,,(718) 796-2462,"3100 Brighton 4th St, Brooklyn, NY, 11235, USA",BK,11235,,Open,FP,Mon 10:00 AM-11:00 AM,
BETHANY GOSPEL CHAPEL INC (FP),40.668105809329,-73.913053243381,FP,,(718) 929-1234,"521 Thomas S Boyland St, Brooklyn, NY, 11212, USA",BK,11212,,Open,FP,Sat 06:30 AM-07:30 AM,
"PROJECT HOSPITALITY, INC (FP)",40.62520094244982,-74.07967131309196,FP,,(718) 815-0800,"205 Canal St, Staten Island, NY, 10304, USA",SI,10304,,Open,FP,Tue 09:00 AM-11:00 AM; Thu 09:00 AM-11:00 AM,
COMMUNITY HELP IN PARK SLOPE (FP),40.678294012639,-73.982714821576,FP,,(718) 237-2962,"200 FOURTH AVENUE, BK 11217",BK,11217,,Open,FP,Thu 11:30 AM-01:00 PM; Sat 11:30 AM-01:00 PM,
"DISCIPLES OF GALILEE, INC",40.821626945781,-73.848881644126,FP,,(347) 293-6166,"725 Castle Hill Ave, Bronx, NY, 10473, USA",BX,10473,,Open,FP,Wed 03:00 PM-04:00 PM; Fri 01:00 PM-02:30 PM,
HEALTH ESSENTIAL ASSOCIATION INC (SI),40.571484510122,-74.111892187089,FP,,(607) 689-6618,"322 New Dorp Ln, Staten Island, NY, 10306, USA",SI,10306,,Open,FP,Tue 10:30 AM-11:30 AM,
ACADEMY OF MEDICAL & PUBLIC HEALTH SERVICES (AMPHS)                                 ,40.645975279923,-74.016798238278,FP,,(212) 256-9036,"5306 3RD AVE, 2ND FL, BROOKLYN, NY, 11220, USA",BK,11220,,Open,FP,Sat 02:00 PM-04:00 PM,
ALL MY CHILDREN  FP,40.716810869387,-73.789409777983,FP,,(718) 825-2566,"175 - 44 MAYFIELD RD, QUEENS, 11432",QN,11432,,Open,FP,Tue 11:00 AM-01:00 PM,
KEHILAT SEPHARDIM OF AHAVAT ACHIM,40.721100098789,-73.81157312254,FPK,,(718) 591-9574,"150-62 78th Rd, Flushing, NY, 11367, USA",QN,11367,,Open,FP,Mon 10:00 AM-02:00 PM; Tue 11:00 AM-01:00 PM; Wed 10:00 AM-02:00 PM; Thu 11:00 AM-01:00 PM; Sun 10:00 AM-04:00 PM,
NORTH BRONX SEVENTH DAY ADVENTIST CHURCH,40.880868009742,-73.857642038953,FP,,(718) 882-4907,"3743 Bronxwood Ave, Bronx, NY, 10469, USA",BX,10469,,Open,FP,Fri 09:00 AM-12:00 PM,
ST. ALBANS BAPTIST CHURCH,40.690832501599,-73.753919626472,FP,,(718) 723-8005,"196-20 119th Ave, Saint Albans, NY, 11412, USA",QN,11412,,Open,FP,Sat 10:00 AM-12:00 PM,
"UNITED YES WE CAN, UNIDOS SISE PUEDE, INC",40.896354923442,-73.855966531605,FP,,(646) 321-5045,"4327 White Plains Rd, Bronx, NY, 10466, USA",BX,10466,,Open,FP,Sat 12:00 PM-03:00 PM,
BRIGADA DE ESPERANZA INC,40.763968043385,-73.879747751113,FP,,(718) 530-8638,"89-07 ASTORIA BLVD, QUEENS, NY,  11369 ",QN,11369,,Open,FP,Sat 12:00 PM-03:00 PM,
FREE FOOD HARLEM (SK),40.803221208417,-73.94620970541,,SK,(510) 541-9430,"37 W 119th St, New York, NY, 10026, USA",NY,10026,,Open,SK,,Wed 05:15 PM-07:00 PM; Fri 05:15 PM-07:00 PM
THE BIBLE CHURCH OF CHRIST (80015),40.837271223235,-73.911563779186,FP,,(718) 293-1928,"1358 Morris Ave, Bronx, NY, 10456, USA",BX,10456,,Open,FP,Thu 09:30 AM-12:00 PM,
THE CRW COMMUNITY FOOD PANTRY (87046),40.720860956336,-73.978178421261,FP,,(646) 395-4414,"25 Avenue D, New York, NY, 10009, USA",NY,10009,,Open,FP,Tue 04:00 PM-05:45 PM; Wed 04:00 PM-05:45 PM,
CALVARY UNITED METHODIST CHURCH FOOD PANTRY (FP),40.852570124368,-73.913651627448,FP,,(718) 299-4732,"1885 University Ave, Bronx, NY, 10453, USA",BX,10453,,Open,FP,Fri 11:00 AM-01:00 PM,
FEEDING WITH TLC INC SOUP KITCHEN (SK),40.629883259312,-74.081366848776,,SK,(718) 447-0526,"175 Beach St, Staten Island, NY, 10304, USA",SI,10304,,Open,SK,,Sat 10:30 AM-12:30 PM
MORNING STAR FULL GOSPEL ASSEMBLY (FP),40.846964475162,-73.898330262815,FP,,(718) 294-6020,"464 E Tremont Ave, Bronx, NY, 10457, USA",BX,10457,,Open,FP,Wed 04:00 PM-06:00 PM,
NEW COVENANT COMMUNITY CORP (FP) (NCCDC ELG PANTRY) ,40.837139375898,-73.922075775416,FP,,(718) 328-6072,"1240 Edward L Grant Hwy, Bronx, NY, 10452, USA",BX,10452,,Open,FP,Mon 11:00 AM-01:00 PM,
REVELACION DIVINA FOOD PANTRY (FP),40.846631965063,-73.906144040593,FP,,,"240 E 175th St, Bronx, NY, 10457, USA",BX,10457,,Open,FP,Mon 05:00 PM-07:00 PM,
UA3 COMMUNITY FIRST FOOD PANTRY,40.716405352911,-73.987669029267,FP,,,"384 Grand St, New York, NY, 10002, USA",NY,10002,,Open,FP,Mon 10:00 AM-02:00 PM; Thu 10:00 AM-02:00 PM,
ROMAN CATHOLIC CHURCH OF ST HELENA (FP),40.834253780001,-73.854928684353,FP,,(718) 892-3232,"1315 Olmstead Ave, Bronx, NY, 10462, USA",BX,10462,,Open,FP,Wed 12:00 PM-02:00 PM,
MARANATHA FRENCH SEVENTH DAY ADVENTIST CHURCH (FP),40.692003621111,-73.77700741113,FP,,(718) 297-8797,173-04 LINDEN BLVD,QN,11434,,Open,FP,Sun 10:00 AM-12:00 PM,
"AL-MADINAH SCHOOL, INC (FP)",40.674227490404,-73.988546865987,FP,,(718) 222-4986,"383 3rd Ave, Brooklyn, NY, 11215, USA",BK,11215,,Open,FP,Fri 12:30 PM-02:30 PM,
CELESTIAL CHURCH OF CHRIST ILERI PARISH (FP),40.693704099717,-73.968063673921,FP,,(718) 624-8758,"138 Waverly Ave, Brooklyn, NY, 11205, USA",BK,11205,,Open,FP,Sat 12:00 PM-03:00 PM,
EASTCHESTER PRESBYTERIAN CHURCH (FP),40.871322034333,-73.847255219634,FP,,(718) 920-0679,"3154 Fish Ave, Bronx, NY, 10469, USA",BX,10469,,Open,FP,Sat 10:00 AM-11:00 AM,
GURU SEVA HIDU MILAN MANDIR CULTURAL GROUP (FP),40.838879500906,-73.826124190272,FP,,(347) 951-5669,"3201 Bruckner Blvd, Bronx, NY, 10461, USA",BX,10461,,Open,FP,Sat 11:00 AM-03:00 PM,
KINGDOM GLOBAL MISSIONS (FP),40.573925655602,-73.998782678507,FP,,,"2945 W 33rd St, Brooklyn, NY, 11224, USA",BK,11224,,Open,FP,Sat 12:00 PM-03:00 PM,
"PASWO (PAKISTAN AMERICAN SKILLED WOMEN ORGANIZATION, INC) (FP)",40.636494257784,-73.9683511732,FP,,(929) 527-6842,"930 Ditmas Ave, Brooklyn, NY, 11218, USA",BK,11218,,Open,FP,Wed 01:00 PM-02:00 PM,
CHAPEL OF THE GREAT RESTORER FOOD PANTRY (FP),40.814808016091,-73.893347221377,FP,,(718) 673-8139,"1121 Longwood Ave, Bronx, NY, 10474, USA",BX,10474,,Open,FP,Sat 12:00 PM-02:00 PM,
FOOD AND NUTRITION SERVICES PROGRAM,40.842662798633,-73.893489378455,FP,,(347) 974-7397,"1802 Crotona Ave, Bronx, NY, 10457, USA",BX,10457,,Open,FP,Wed 10:00 AM-04:00 PM,
MINISTERIO LA LUZ DE LA ESPERANZA PARA LAS NACIONES DE JESUCRISTO,40.744594112385,-73.886174407735,FP,,(631) 336-0572,79-01 BROADWAY,QN,11373,,Open,FP,Thu 05:00 PM-07:00 PM,
BETHANY BAPTIST CHURCH (FP),40.82866070365,-73.93848435671,FP,,(212) 234-5810,"304 W 154th St, New York, NY, 10039, USA",NY,10039,,Open,FP,Fri 12:00 PM-03:00 PM,
NUEVO SIGLO CARES (SERVING GOD THROUGH YOU) (FP),40.865411158123,-73.92060114719,FP,,(347) 856-8500,"213 Sherman Ave, New York, NY, 10034, USA",NY,10034,,Open,FP,Fri 02:00 PM-04:00 PM,
BROOKLYN FAITH SDA CHURCH (SK),40.652373521893,-73.924916821497,,SK,(718) 342-6712,"5518 Church Ave, Brooklyn, NY, 11203, USA",BK,11203,,Open,SK,,Fri 12:00 PM-03:00 PM
"CARING SHEPHERD SUPPLIES MINISTRIES, INC",40.889181313519,-73.856133331478,FP,,(917) 743-0780,"4056 Barnes Ave, Bronx, NY, 10466, USA",BX,10466,,Open,FP,Thu 04:00 PM-06:00 PM,
FRESH ANOINTING INTERNATIONAL CHARITIES (FAIC) (FP),40.705473758609,-73.777146550723,FP,,(917) 665-0240,"182-10 Liberty Ave, Jamaica, NY, 11433, USA",QN,11433,,Open,FP,Thu 11:00 AM-02:00 PM,
"MYLAH'S ORGANIZATION, INC (FP)",40.667266445545,-73.88878654404,FP,,,"509 Van Siclen Ave, Brooklyn, NY, 11207, USA",BK,11207,,Open,FP,Tue 10:30 AM-01:00 PM; Thu 10:30 AM-01:00 PM,
ST. PETERS - YVONNE GITTENS FOOD,40.667754523767,-73.733337695586,FP,,(718) 360-7650,"137-28 244th St, Rosedale, NY, 11422, USA",QN,11422,,Open,FP,Sat 11:00 AM-01:00 PM,
NEW BEGINNING FOOD PROGRAM,40.72626381215,-73.726064299106,FP,,,"242-01 Braddock Ave, Bellerose, NY, 11426, USA",QN,11426,,Open,FP,Tue 10:00 AM-11:30 AM,
MUNA SOCIAL SERVICES - JACKSON HEIGHTS COMMUNITY ,40.74967002531,-73.894511467728,FP,,(212) 920-6202,"35-35 71st St, Jackson Heights, NY, 11372, USA",QN,11372,,Open,FP,Thu 02:00 PM-03:00 PM,
ABUNDANT LIFE CHRISTIAN CHURCH (FP),40.687141446717,-73.943620703157,FP,,(718) 778-5833,"579 Gates Ave, Brooklyn, NY, 11221, USA",BK,11221,,Open,FP,Sun 01:30 PM-02:30 PM,
CHURCH OF GOD OF WOODYCREST AVENUE FP,40.830595939358,-73.929664534235,FP,,(718) 992-4087,"923 Woodycrest Ave, Bronx, NY, 10452, USA",BX,10452,,Open,FP,Sat 10:00 AM-01:00 PM,
FLUSHING JEWISH COMMUNITY COUNCIL FP,40.757896360363,-73.7944742077,FP,,(718) 463-8937,"171-39 Northern Blvd, Flushing, NY, 11358, USA",QN,11358,,Open,FP,Tue 09:00 AM-10:30 AM,
KINGSBRIDGE CENTER FOR ISRAEL (FPK),40.907061463644,-73.90425710655,FPK,,(718) 548-2727,"5905 Riverdale Ave, Bronx, NY, 10471, USA",BX,10471,,Open,FP,Wed 07:00 PM-09:00 PM; Sun 09:00 AM-12:00 PM,
LOUISEA MAZE EMILE COMMUNITY SERVICE,40.667041684811,-73.928774843891,FP,,(347) 639-3165,"1757 President St, Brooklyn, NY, 11213, USA",BK,11213,,Open,FP,Fri 10:00 AM-12:00 PM,
LOVE WINS NYC (HARLEM) (FP),40.814849003598,-73.956152738052,FP,,,"521 WEST126th St, New York, NY, 10027, USA",NY,10027,,Open,FP,Wed 01:00 PM-03:00 PM,
"NEW HOPE PENTECOSTAL CHURCH OF JESUS CHRIST, INC (FP)",40.671483548671,-73.916427378504,FP,,,"1838 Park Pl, Brooklyn, NY, 11233, USA",BK,11233,,Open,FP,Sat 12:00 PM-02:00 PM,
ST. JAMES CHURCH-COMMUNITY KITCHEN (SK),40.771333347434,-73.965586486256,,SK,(212) 774-4200,"865 Madison Ave, New York, NY, 10021, USA",NY,10021,,Open,SK,,Tue 12:00 PM-01:00 PM; Fri 06:30 PM-07:30 PM
AIDS SERVICE CENTER OF LOWER MANHATTAN (FP),40.75009859202,-73.98666630219,FP,,(212) 675-0875,"64 WEST 35th St, 3RD FL, New York, NY, 10001, USA",NY,10001,,Open,FP,Wed 10:00 AM-03:00 PM,
ALLIANCE CASA WASHINGTON HEIGHTS (FP),40.835229265893,-73.940571031506,FP,,(212) 645-0875,"2036 Amsterdam Ave, New York, NY, 10032, USA",NY,10032,,Open,FP,Wed 10:00 AM-03:00 PM,
FIRST UNITED CHRISTIAN CHURCH (FP),40.637659132778,-74.080221249759,FP,,,"109 Victory Blvd, Staten Island, NY, 10301, USA",SI,10301,,Open,FP,Tue 10:00 AM-01:00 PM; Sun 01:30 PM-03:30 PM,
MAS STATEN ISLAND CENTER FOOD PANTRY (FP),40.592418061845,-74.091916938355,FP,,(800) 668-0742,"180 Burgher Ave, Staten Island, NY, 10304, USA",SI,10304,,Open,FP,Fri 03:00 PM-06:00 PM,
MASJID AR RAHMAN FOOD PANTRY,40.714142364782,-73.749161303858,FP,,(718) 740-5025,"98-10 211th St, Queens Village, NY, 11429, USA",QN,11429,,Open,FP,Fri 02:30 PM-04:00 PM,
MET COUNCIL BROOKLYN HUB (FPK),40.629318426656,-73.998923159204,FPK,,,"1271 60th St, Brooklyn, NY, 11219, USA",BK,11219,,Open,FP,Wed 12:30 PM-04:30 PM; Thu 12:30 PM-04:30 PM,
ZERO HUNGER CAMPAIGN (CCSO) (FP),40.74261128937,-73.871398621179,FP,,(332) 228-8584,"93-15 Corona Ave, Elmhurst, NY, 11373, USA",QN,11373,,Open,FP,Wed 11:00 AM-01:00 PM; Fri 11:00 AM-01:00 PM,
